Row #;Actual Result;Ferret Result (threshold = 0.01);Jaccard Coefficient
1;1;1;0.238095
2;0;0;0
3;1;0;0
4;0;0;0
5;1;1;0.166667
6;1;1;0.541667
7;0;0;0
8;1;1;0.0588235
9;0;1;0.142857
10;1;0;0
11;0;1;0.407407
12;0;1;0.518519
13;0;0;0
14;1;1;0.5
15;1;1;0.571429
16;0;1;0.2
17;0;1;0.037037
18;0;1;0.387097
19;0;0;0
20;1;1;0.382353
21;0;1;0.541667
22;1;1;0.4
23;1;1;0.166667
24;1;1;0.1
25;0;0;0
26;0;1;0.44
27;1;1;0.172414
28;1;1;0.12
29;1;1;0.47619
30;0;0;0
31;0;1;0.214286
32;1;1;0.0882353
33;1;0;0
34;0;1;0.25
35;1;1;0.285714
36;1;0;0
37;0;0;0
38;1;1;0.12
39;1;1;0.5
40;1;1;0.125
41;1;0;0
42;0;0;0
43;1;0;0
44;0;0;0
45;1;0;0
46;1;1;0.428571
47;0;1;0.166667
48;1;0;0
49;1;1;0.565217
50;1;1;0.56
51;1;0;0
52;1;0;0
53;1;0;0
54;1;0;0
55;0;1;0.172414
56;1;1;0.176471
57;1;1;0.571429
58;0;0;0
59;1;1;0.181818
60;1;1;0.40625
61;0;1;0.257143
62;0;1;0.1
63;0;0;0
64;1;1;0.387097
65;0;0;0
66;0;0;0
67;1;1;0.142857
68;1;0;0
69;1;1;0.15
70;1;0;0
71;0;1;0.214286
72;1;1;0.205128
73;1;0;0
74;1;0;0
75;1;1;0.176471
76;1;1;0.357143
77;1;0;0
78;1;1;0.590909
79;1;1;0.457143
80;1;1;0.69697
81;1;1;0.146341
82;0;1;0.148148
83;1;1;0.21875
84;0;1;0.294118
85;0;0;0
86;1;1;0.136364
87;1;1;0.135135
88;1;1;0.423077
89;1;0;0
90;1;1;0.0588235
91;0;1;0.333333
92;0;1;0.105263
93;0;1;0.105263
94;1;1;0.346154
95;0;1;0.157895
96;0;1;0.227273
97;1;1;0.0555556
98;0;1;0.0666667
99;0;1;0.0869565
100;1;0;0
101;1;0;0
102;0;1;0.2
103;1;0;0
104;1;1;0.354839
105;1;0;0
106;1;0;0
107;0;1;0.307692
108;1;0;0
109;1;0;0
110;1;1;0.368421
111;1;1;0.25
112;1;1;0.102564
113;1;0;0
114;0;1;0.190476
115;0;1;0.0434783
116;1;1;0.16
117;0;0;0
118;1;0;0
119;0;1;0.136364
120;1;1;0.444444
121;1;0;0
122;1;1;0.75
123;1;0;0
124;0;0;0
125;1;0;0
126;1;1;0.482759
127;1;1;0.517241
128;1;0;0
129;1;1;0.413793
130;1;0;0
131;0;1;0.12
132;0;0;0
133;1;0;0
134;1;1;0.571429
135;1;1;0.28
136;1;0;0
137;0;1;0.136364
138;1;0;0
139;1;1;0.176471
140;0;1;0.285714
141;1;0;0
142;1;0;0
143;1;1;0.205882
144;0;1;0.2
145;1;0;0
146;0;0;0
147;1;1;0.222222
148;1;0;0
149;1;1;0.5
150;1;0;0
151;0;1;0.314286
152;1;0;0
153;1;0;0
154;0;0;0
155;1;1;0.193548
156;1;1;0.478261
157;1;0;0
158;1;1;0.65
159;1;1;0.323529
160;1;1;0.0869565
161;1;0;0
162;0;1;0.176471
163;1;1;0.538462
164;1;1;0.28
165;1;1;0.210526
166;1;1;0.333333
167;0;0;0
168;1;0;0
169;1;1;0.27027
170;1;0;0
171;1;0;0
172;1;1;0.225806
173;1;0;0
174;1;1;0.382353
175;1;1;0.470588
176;0;1;0.0454545
177;1;0;0
178;0;0;0
179;1;1;0.615385
180;1;1;0.291667
181;1;1;0.172414
182;1;0;0
183;1;1;0.16129
184;1;0;0
185;1;0;0
186;0;0;0
187;1;1;0.411765
188;0;0;0
189;1;0;0
190;0;0;0
191;1;0;0
192;1;0;0
193;0;1;0.15
194;1;1;0.368421
195;1;1;0.433333
196;1;1;0.08
197;1;0;0
198;1;0;0
199;1;1;0.1875
200;1;0;0
201;1;1;0.266667
202;1;0;0
203;1;0;0
204;1;0;0
205;1;1;0.413793
206;1;1;0.2
207;1;1;0.545455
208;0;1;0.171429
209;1;1;0.5
210;0;1;0.0416667
211;1;0;0
212;0;1;0.0869565
213;1;0;0
214;1;1;0.583333
215;1;0;0
216;1;1;0.166667
217;1;1;0.268293
218;1;0;0
219;0;1;0.366667
220;1;1;0.541667
221;0;1;0.0526316
222;1;1;0.2
223;0;1;0.0833333
224;1;1;0.444444
225;1;1;0.473684
226;1;1;0.407407
227;1;0;0
228;1;1;0.56
229;0;1;0.0869565
230;0;0;0
231;1;1;0.358974
232;1;0;0
233;0;0;0
234;0;1;0.107143
235;1;1;0.235294
236;1;1;0.291667
237;0;0;0
238;1;1;0.461538
239;1;0;0
240;0;1;0.208333
241;1;0;0
242;1;1;0.333333
243;1;0;0
244;1;1;0.1
245;0;0;0
246;1;1;0.103448
247;1;1;0.157895
248;1;0;0
249;0;1;0.263158
250;0;1;0.25
251;1;1;0.047619
252;1;1;0.25641
253;0;1;0.238095
254;1;1;0.047619
255;1;1;0.533333
256;1;1;0.473684
257;1;0;0
258;0;1;0.192308
259;0;1;0.136364
260;1;1;0.0357143
261;1;1;0.227273
262;1;0;0
263;1;0;0
264;1;1;0.233333
265;1;0;0
266;0;1;0.225806
267;1;1;0.0540541
268;0;1;0.157895
269;1;0;0
270;1;1;0.138889
271;1;0;0
272;0;1;0.4
273;1;0;0
274;1;0;0
275;1;1;0.382353
276;1;0;0
277;1;0;0
278;1;0;0
279;1;1;0.25
280;1;1;0.05
281;1;0;0
282;1;1;0.105263
283;1;0;0
284;1;1;0.3125
285;0;0;0
286;1;0;0
287;1;0;0
288;0;1;0.222222
289;1;1;0.323529
290;0;1;0.238095
291;1;1;0.257143
292;1;1;0.193548
293;1;0;0
294;1;0;0
295;1;1;0.290323
296;0;1;0.44
297;0;1;0.0666667
298;1;1;0.441176
299;1;0;0
300;1;1;0.409091
301;0;0;0
302;1;0;0
303;0;1;0.322581
304;1;1;0.25
305;1;0;0
306;1;1;0.230769
307;0;1;0.206897
308;1;1;0.2
309;1;1;0.3
310;1;1;0.0681818
311;1;1;0.238095
312;1;1;0.2
313;0;1;0.166667
314;1;0;0
315;0;0;0
316;1;1;0.483871
317;0;0;0
318;1;1;0.481481
319;1;0;0
320;1;1;0.304348
321;1;1;0.142857
322;0;1;0.15
323;0;1;0.277778
324;1;1;0.228571
325;1;0;0
326;1;0;0
327;1;1;0.47619
328;1;1;0.166667
329;0;1;0.0714286
330;1;1;0.285714
331;0;1;0.304348
332;1;0;0
333;1;1;0.235294
334;1;1;0.8125
335;0;0;0
336;1;1;0.142857
337;1;1;0.184211
338;1;1;0.37037
339;0;1;0.705882
340;1;0;0
341;0;1;0.282051
342;1;1;0.393939
343;0;1;0.37037
344;1;1;0.4
345;0;0;0
346;0;0;0
347;1;0;0
348;1;1;0.0333333
349;0;1;0.0588235
350;0;1;0.25
351;1;1;0.62963
352;1;1;0.482759
353;0;1;0.2
354;1;1;0.5
355;1;1;0.75
356;1;1;0.393939
357;1;0;0
358;1;1;0.0714286
359;1;1;0.166667
360;1;0;0
361;0;1;0.268293
362;0;0;0
363;0;0;0
364;0;0;0
365;0;1;0.12
366;0;0;0
367;1;0;0
368;1;1;0.047619
369;1;1;0.192308
370;0;0;0
371;1;1;0.205882
372;1;0;0
373;0;1;0.136364
374;0;0;0
375;0;1;0.466667
376;0;0;0
377;1;1;0.157895
378;0;0;0
379;1;1;0.241379
380;1;1;0.21875
381;1;0;0
382;1;1;0.405405
383;0;1;0.342857
384;1;1;0.444444
385;1;1;0.4375
386;1;0;0
387;1;1;0.515152
388;0;1;0.190476
389;1;1;0.333333
390;1;1;0.216216
391;1;0;0
392;1;0;0
393;1;0;0
394;1;1;0.0540541
395;1;1;0.357143
396;0;0;0
397;1;0;0
398;0;0;0
399;1;1;0.392857
400;1;1;0.25
401;0;0;0
402;1;1;0.521739
403;0;1;0.368421
404;1;1;0.0909091
405;1;1;0.176471
406;1;1;0.117647
407;1;0;0
408;0;1;0.142857
409;0;1;0.125
410;1;0;0
411;1;0;0
412;1;1;0.208333
413;1;0;0
414;1;1;0.322581
415;0;1;0.111111
416;0;1;0.357143
417;0;1;0.208333
418;0;1;0.115385
419;1;1;0.315789
420;1;0;0
421;1;1;0.357143
422;1;1;0.285714
423;1;1;0.0789474
424;0;1;0.117647
425;1;1;0.037037
426;0;1;0.448276
427;0;1;0.142857
428;1;0;0
429;1;0;0
430;1;1;0.322581
431;0;0;0
432;1;0;0
433;1;0;0
434;1;1;0.0714286
435;1;1;0.314286
436;1;1;0.333333
437;1;0;0
438;0;1;0.382353
439;1;0;0
440;1;1;0.227273
441;1;0;0
442;0;0;0
443;1;0;0
444;1;0;0
445;0;1;0.190476
446;1;1;0.25
447;1;1;0.551724
448;0;1;0.192308
449;1;0;0
450;1;0;0
451;1;1;0.322581
452;1;1;0.294118
453;1;1;0.4375
454;0;1;0.181818
455;0;1;0.30303
456;1;1;0.433333
457;1;1;0.548387
458;1;0;0
459;1;1;0.5
460;0;0;0
461;1;0;0
462;0;1;0.26087
463;0;0;0
464;1;1;0.296296
465;1;0;0
466;0;0;0
467;1;1;0.148148
468;1;1;0.310345
469;0;1;0.222222
470;1;1;0.179487
471;1;1;0.32
472;1;1;0.483871
473;1;0;0
474;1;0;0
475;0;1;0.166667
476;1;1;0.375
477;1;0;0
478;1;1;0.416667
479;0;0;0
480;0;1;0.26087
481;1;0;0
482;0;1;0.3
483;0;0;0
484;0;1;0.413793
485;1;0;0
486;0;0;0
487;1;0;0
488;0;1;0.5
489;1;0;0
490;0;0;0
491;0;0;0
492;1;1;0.176471
493;1;0;0
494;1;1;0.448276
495;1;0;0
496;1;1;0.380952
497;1;1;0.5
498;1;1;0.35
499;0;1;0.05
500;0;0;0
501;1;0;0
502;1;0;0
503;0;0;0
504;0;0;0
505;0;1;0.133333
506;1;1;0.52
507;0;0;0
508;1;1;0.413793
509;1;1;0.529412
510;1;1;0.447368
511;1;0;0
512;1;1;0.5
513;1;1;0.0344828
514;0;1;0.0526316
515;1;1;0.0645161
516;0;1;0.193548
517;1;1;0.3
518;1;0;0
519;1;1;0.16
520;1;1;0.166667
521;1;1;0.5
522;0;1;0.0727273
523;1;1;0.4375
524;0;1;0.44
525;1;0;0
526;1;0;0
527;0;1;0.0833333
528;1;0;0
529;1;1;0.05
530;1;1;0.4
531;1;1;0.5
532;0;1;0.0434783
533;1;1;0.272727
534;1;1;0.212121
535;0;0;0
536;1;0;0
537;0;1;0.526316
538;0;1;0.04
539;1;1;0.37037
540;1;1;0.208333
541;1;1;0.285714
542;0;0;0
543;1;0;0
544;1;0;0
545;1;1;0.263158
546;1;1;0.04
547;1;0;0
548;0;1;0.37037
549;1;1;0.0454545
550;1;1;0.297297
551;1;0;0
552;1;0;0
553;1;1;0.407407
554;1;0;0
555;1;1;0.571429
556;1;1;0.666667
557;0;0;0
558;1;1;0.241379
559;1;1;0.25
560;0;1;0.45
561;0;1;0.333333
562;0;1;0.151515
563;1;0;0
564;1;1;0.368421
565;1;1;0.0625
566;1;0;0
567;1;1;0.222222
568;1;1;0.3125
569;0;1;0.103448
570;1;0;0
571;0;1;0.0769231
572;1;1;0.3125
573;1;0;0
574;1;1;0.666667
575;0;1;0.208333
576;0;0;0
577;1;1;0.24
578;1;1;0.444444
579;0;1;0.535714
580;1;0;0
581;0;1;0.4
582;0;1;0.111111
583;0;1;0.0454545
584;1;1;0.692308
585;0;1;0.0714286
586;0;1;0.375
587;1;0;0
588;1;1;0.263158
589;0;0;0
590;1;1;0.678571
591;1;1;0.464286
592;1;0;0
593;1;1;0.30303
594;1;0;0
595;1;1;0.102041
596;1;1;0.416667
597;1;1;0.230769
598;1;1;0.181818
599;1;0;0
600;0;1;0.208333
601;1;1;0.16129
602;1;1;0.576923
603;1;1;0.481481
604;0;0;0
605;1;1;0.294118
606;0;0;0
607;0;0;0
608;1;0;0
609;1;0;0
610;1;0;0
611;1;0;0
612;1;0;0
613;1;1;0.208333
614;0;1;0.1875
615;0;1;0.411765
616;1;1;0.515152
617;1;1;0.178571
618;1;1;0.857143
619;1;1;0.12
620;1;1;0.282051
621;0;1;0.448276
622;1;0;0
623;1;1;0.290323
624;1;0;0
625;1;1;0.347826
626;0;1;0.1
627;1;1;0.111111
628;1;1;0.1
629;1;1;0.548387
630;1;1;0.2
631;1;1;0.217391
632;1;0;0
633;0;1;0.105263
634;1;1;0.225806
635;1;1;0.0833333
636;1;1;0.129032
637;0;0;0
638;1;0;0
639;0;1;0.103448
640;0;1;0.208333
641;1;1;0.454545
642;0;1;0.2
643;1;1;0.173913
644;1;0;0
645;1;1;0.0625
646;1;1;0.761905
647;1;1;0.0869565
648;1;0;0
649;0;0;0
650;1;0;0
651;1;1;0.64
652;1;0;0
653;1;0;0
654;0;1;0.0833333
655;0;1;0.08
656;1;1;0.09375
657;1;0;0
658;1;0;0
659;0;0;0
660;1;1;0.047619
661;0;0;0
662;0;0;0
663;1;1;0.518519
664;1;1;0.1
665;1;0;0
666;0;1;0.384615
667;0;1;0.206897
668;0;1;0.1
669;1;0;0
670;1;1;0.346154
671;0;0;0
672;0;1;0.0454545
673;0;0;0
674;1;0;0
675;1;1;0.0909091
676;1;0;0
677;1;1;0.125
678;0;0;0
679;1;1;0.181818
680;1;1;0.3
681;1;0;0
682;1;1;0.464286
683;1;0;0
684;1;0;0
685;1;1;0.28
686;1;0;0
687;1;0;0
688;1;1;0.277778
689;1;1;0.107143
690;0;0;0
691;0;0;0
692;1;0;0
693;1;1;0.454545
694;0;0;0
695;0;0;0
696;1;1;1
697;1;1;0.0810811
698;0;1;0.137931
699;0;1;0.130435
700;1;1;0.115385
701;1;1;0.533333
702;1;1;0.294118
703;1;1;0.333333
704;1;0;0
705;0;1;0.208333
706;1;0;0
707;1;1;0.25
708;0;1;0.277778
709;0;1;0.344828
710;0;0;0
711;0;1;0.230769
712;0;1;0.538462
713;1;1;0.304348
714;0;0;0
715;0;1;0.0666667
716;0;1;0.347826
717;1;0;0
718;0;0;0
719;0;0;0
720;1;1;0.0869565
721;0;0;0
722;1;0;0
723;1;1;0.409091
724;1;1;0.0909091
725;0;1;0.210526
726;1;1;0.238095
727;0;1;0.181818
728;0;0;0
729;1;1;0.1
730;1;0;0
731;1;0;0
732;0;1;0.2
733;1;1;0.571429
734;1;1;0.1875
735;1;1;0.0606061
736;1;0;0
737;0;1;0.1
738;1;0;0
739;0;1;0.125
740;1;0;0
741;0;0;0
742;1;1;0.473684
743;1;1;0.25
744;1;0;0
745;1;1;0.535714
746;0;0;0
747;1;1;0.272727
748;0;0;0
749;1;0;0
750;1;1;0.294118
751;1;1;0.0526316
752;1;0;0
753;0;0;0
754;1;1;0.371429
755;1;1;0.266667
756;0;1;0.266667
757;1;0;0
758;1;1;0.04
759;1;1;0.0652174
760;0;0;0
761;1;0;0
762;1;0;0
763;1;0;0
764;1;0;0
765;1;1;0.285714
766;1;0;0
767;0;0;0
768;1;0;0
769;1;0;0
770;0;0;0
771;0;0;0
772;1;1;0.454545
773;0;0;0
774;1;1;0.5
775;1;1;0.111111
776;0;1;0.210526
777;0;0;0
778;0;0;0
779;0;1;0.125
780;0;1;0.363636
781;1;0;0
782;1;0;0
783;1;1;0.322581
784;1;0;0
785;1;1;0.333333
786;1;0;0
787;1;0;0
788;1;0;0
789;0;1;0.384615
790;1;1;0.125
791;1;0;0
792;1;1;0.222222
793;0;1;0.454545
794;1;0;0
795;1;1;0.269231
796;1;1;0.333333
797;1;0;0
798;1;1;0.238095
799;1;0;0
800;1;0;0
801;1;1;0.428571
802;1;0;0
803;1;1;0.565217
804;1;1;0.346154
805;1;1;0.1
806;0;1;0.222222
807;0;1;0.0697674
808;1;1;0.321429
809;0;0;0
810;1;1;0.16
811;1;1;0.25
812;1;0;0
813;0;0;0
814;1;1;0.21875
815;0;0;0
816;1;1;0.290323
817;0;1;0.125
818;0;1;0.04
819;0;1;0.190476
820;0;1;0.1
821;0;1;0.357143
822;1;1;0.357143
823;1;0;0
824;1;1;0.238095
825;0;1;0.272727
826;0;1;0.387097
827;0;0;0
828;1;1;0.428571
829;0;1;0.2
830;0;0;0
831;1;1;0.0909091
832;1;1;0.483871
833;0;1;0.181818
834;1;1;0.214286
835;1;1;0.75
836;0;1;0.30303
837;1;1;0.025
838;0;0;0
839;0;0;0
840;0;0;0
841;1;1;0.47619
842;1;1;0.551724
843;1;0;0
844;0;1;0.222222
845;1;1;0.84
846;1;1;0.3
847;1;1;0.142857
848;0;1;0.136364
849;1;0;0
850;0;1;0.6
851;1;1;0.548387
852;1;1;0.166667
853;1;1;0.333333
854;1;1;0.391304
855;1;1;0.24
856;1;1;0.130435
857;0;1;0.307692
858;1;1;0.357143
859;0;0;0
860;1;1;0.108108
861;1;1;0.0869565
862;1;1;0.5
863;1;1;0.6
864;1;1;0.25
865;1;1;0.333333
866;0;1;0.27027
867;1;1;0.111111
868;1;1;0.428571
869;0;1;0.125
870;1;1;0.243243
871;1;1;0.4
872;1;1;0.210526
873;1;1;0.36
874;0;0;0
875;0;1;0.125
876;1;1;0.566667
877;1;0;0
878;1;0;0
879;1;1;0.4
880;1;0;0
881;1;0;0
882;1;1;0.259259
883;1;1;0.708333
884;1;1;0.5
885;0;1;0.130435
886;1;0;0
887;1;1;0.157895
888;0;0;0
889;0;0;0
890;1;1;0.217391
891;0;1;0.189189
892;0;0;0
893;1;0;0
894;0;0;0
895;1;1;0.0769231
896;1;1;0.384615
897;1;1;0.354839
898;1;0;0
899;1;0;0
900;0;1;0.103448
901;1;0;0
902;1;0;0
903;0;0;0
904;1;0;0
905;1;0;0
906;1;0;0
907;0;0;0
908;1;1;0.170732
909;1;0;0
910;0;0;0
911;1;1;0.166667
912;1;1;0.166667
913;0;1;0.05
914;0;1;0.0555556
915;1;0;0
916;1;1;0.315789
917;1;1;0.28125
918;1;1;0.0740741
919;1;1;0.466667
920;1;1;0.15625
921;1;1;0.217391
922;0;0;0
923;1;0;0
924;0;0;0
925;0;1;0.0740741
926;1;1;0.192308
927;0;1;0.217391
928;1;1;0.35
929;1;1;0.486486
930;0;1;0.25
931;1;0;0
932;1;1;0.03125
933;0;1;0.125
934;1;0;0
935;0;1;0.137931
936;0;1;0.166667
937;0;0;0
938;1;1;0.185185
939;1;0;0
940;0;0;0
941;1;1;0.75
942;0;0;0
943;0;0;0
944;0;0;0
945;0;1;0.222222
946;1;1;0.2
947;0;1;0.275862
948;0;1;0.24
949;1;0;0
950;1;0;0
951;1;1;0.16129
952;0;1;0.0333333
953;1;1;0.619048
954;0;1;0.25
955;0;1;0.103448
956;0;1;0.153846
957;1;0;0
958;0;0;0
959;1;0;0
960;1;0;0
961;0;1;0.2
962;1;0;0
963;0;1;0.413793
964;1;1;0.130435
965;1;0;0
966;1;0;0
967;1;1;0.105263
968;0;1;0.0769231
969;1;0;0
970;1;1;0.142857
971;1;1;0.393939
972;1;1;0.0416667
973;0;1;0.466667
974;1;1;0.111111
975;1;1;0.272727
976;1;1;0.0869565
977;1;1;0.3
978;0;1;0.125
979;1;0;0
980;1;0;0
981;1;1;0.518519
982;0;1;0.192308
983;0;1;0.0454545
984;1;1;0.0851064
985;1;1;0.3125
986;1;1;0.666667
987;1;1;0.428571
988;0;1;0.166667
989;1;1;0.37931
990;0;0;0
991;1;1;0.0909091
992;1;0;0
993;1;0;0
994;0;1;0.190476
995;1;0;0
996;0;0;0
997;1;1;0.194444
998;0;1;0.551724
999;1;0;0
1000;0;1;0.0833333
1001;1;0;0
1002;0;0;0
1003;1;1;0.305556
1004;1;1;0.5
1005;0;1;0.136364
1006;0;0;0
1007;1;0;0
1008;0;0;0
1009;1;1;0.314286
1010;0;1;0.0645161
1011;0;1;0.125
1012;1;0;0
1013;1;1;0.615385
1014;1;1;0.289474
1015;1;1;0.2
1016;1;0;0
1017;1;0;0
1018;1;1;0.363636
1019;0;1;0.142857
1020;1;0;0
1021;1;1;0.571429
1022;1;1;0.416667
1023;1;0;0
1024;1;0;0
1025;1;0;0
1026;0;0;0
1027;1;1;0.52
1028;0;1;0.37931
1029;1;0;0
1030;1;1;0.15
1031;1;1;0.117647
1032;0;1;0.275862
1033;0;0;0
1034;1;1;0.05
1035;1;1;0.263158
1036;1;1;0.352941
1037;1;0;0
1038;1;1;0.0666667
1039;1;0;0
1040;0;1;0.166667
1041;1;0;0
1042;0;1;0.111111
1043;0;1;0.517241
1044;0;1;0.391304
1045;1;1;0.0416667
1046;1;0;0
1047;1;0;0
1048;0;0;0
1049;1;1;0.030303
1050;1;0;0
1051;0;0;0
1052;1;1;0.529412
1053;1;1;0.05
1054;1;1;0.227273
1055;1;0;0
1056;1;0;0
1057;0;0;0
1058;1;0;0
1059;0;1;0.0357143
1060;0;1;0.0952381
1061;1;1;0.380952
1062;1;1;0.384615
1063;0;0;0
1064;0;0;0
1065;0;1;0.428571
1066;1;1;0.388889
1067;0;0;0
1068;1;1;0.151515
1069;0;0;0
1070;1;0;0
1071;1;0;0
1072;1;1;0.214286
1073;0;0;0
1074;1;1;0.212766
1075;1;0;0
1076;1;0;0
1077;1;1;0.433333
1078;1;1;0.238095
1079;1;1;0.5625
1080;1;1;0.0833333
1081;1;0;0
1082;1;0;0
1083;1;0;0
1084;0;0;0
1085;1;0;0
1086;1;0;0
1087;1;1;0.16
1088;1;1;0.322581
1089;0;0;0
1090;1;0;0
1091;1;1;0.333333
1092;0;1;0.0869565
1093;0;1;0.115385
1094;1;1;0.478261
1095;0;1;0.483871
1096;0;1;0.189189
1097;0;1;0.0769231
1098;1;1;0.566667
1099;0;1;0.357143
1100;0;1;0.136364
1101;0;0;0
1102;1;1;0.3125
1103;1;1;0.142857
1104;0;0;0
1105;1;1;0.15
1106;0;1;0.1
1107;0;1;0.117647
1108;1;1;0.666667
1109;1;1;0.133333
1110;1;0;0
1111;1;0;0
1112;0;0;0
1113;0;0;0
1114;0;0;0
1115;1;1;0.482759
1116;1;1;0.833333
1117;1;0;0
1118;1;1;0.272727
1119;1;1;0.166667
1120;0;1;0.125
1121;1;1;0.214286
1122;1;1;0.535714
1123;0;1;0.314286
1124;1;0;0
1125;1;1;0.15
1126;0;1;0.333333
1127;1;0;0
1128;1;0;0
1129;1;1;0.037037
1130;1;1;0.333333
1131;1;1;0.45
1132;1;1;0.423077
1133;1;1;0.4375
1134;1;1;0.666667
1135;1;0;0
1136;0;1;0.222222
1137;0;0;0
1138;1;1;0.59375
1139;0;0;0
1140;1;1;0.3
1141;1;1;0.592593
1142;1;1;0.576923
1143;1;1;0.0588235
1144;0;0;0
1145;1;1;0.529412
1146;0;1;0.1875
1147;0;0;0
1148;1;1;0.185185
1149;1;1;0.0625
1150;1;0;0
1151;1;1;0.0416667
1152;0;0;0
1153;0;0;0
1154;1;1;0.466667
1155;0;1;0.181818
1156;0;0;0
1157;0;1;0.346154
1158;1;1;0.555556
1159;1;1;0.555556
1160;1;1;0.230769
1161;1;1;0.136364
1162;1;0;0
1163;1;1;0.47619
1164;1;0;0
1165;0;1;0.272727
1166;1;0;0
1167;1;0;0
1168;0;1;0.481481
1169;1;1;0.580645
1170;1;0;0
1171;1;1;0.08
1172;0;0;0
1173;1;1;0.409091
1174;1;1;0.428571
1175;1;1;0.285714
1176;0;0;0
1177;1;1;0.0714286
1178;1;1;0.0526316
1179;1;1;0.2
1180;1;0;0
1181;1;1;0.181818
1182;1;1;0.375
1183;1;1;0.0454545
1184;1;1;0.210526
1185;1;0;0
1186;0;0;0
1187;1;1;0.310345
1188;1;1;0.272727
1189;1;0;0
1190;1;1;0.0357143
1191;0;0;0
1192;0;1;0.25
1193;0;1;0.173913
1194;1;0;0
1195;1;1;0.310345
1196;0;1;0.148148
1197;1;0;0
1198;0;1;0.130435
1199;0;0;0
1200;1;1;0.428571
1201;1;1;0.5
1202;1;1;0.318182
1203;0;1;0.294118
1204;0;1;0.105263
1205;1;0;0
1206;1;1;0.2
1207;1;1;0.238095
1208;0;1;0.258065
1209;0;0;0
1210;0;1;0.5
1211;1;0;0
1212;1;0;0
1213;0;0;0
1214;1;1;0.105263
1215;1;1;0.0625
1216;1;0;0
1217;0;0;0
1218;1;1;0.333333
1219;1;1;0.272727
1220;0;1;0.0714286
1221;0;1;0.0357143
1222;1;1;0.692308
1223;1;1;0.4
1224;1;0;0
1225;1;1;0.166667
1226;0;1;0.434783
1227;1;1;0.307692
1228;0;1;0.0571429
1229;1;1;0.375
1230;1;1;0.28
1231;1;1;0.173913
1232;0;0;0
1233;1;0;0
1234;1;0;0
1235;1;1;0.314286
1236;1;1;0.323529
1237;1;1;0.521739
1238;1;1;0.16
1239;1;0;0
1240;1;1;0.444444
1241;0;0;0
1242;0;1;0.466667
1243;1;1;0.111111
1244;1;1;0.037037
1245;0;1;0.0416667
1246;0;1;0.25
1247;0;1;0.5
1248;1;1;0.0227273
1249;0;1;0.102564
1250;0;1;0.0714286
1251;0;0;0
1252;1;1;0.08
1253;1;1;0.34375
1254;1;1;0.344828
1255;0;1;0.466667
1256;1;1;0.413793
1257;0;0;0
1258;1;1;0.136364
1259;1;1;0.333333
1260;1;0;0
1261;1;1;0.5
1262;1;1;0.206897
1263;0;1;0.586207
1264;1;1;0.214286
1265;0;1;0.206897
1266;1;0;0
1267;1;0;0
1268;0;1;0.27027
1269;0;1;0.2
1270;1;0;0
1271;1;1;0.25
1272;1;1;0.133333
1273;1;1;0.166667
1274;1;1;0.333333
1275;1;1;0.333333
1276;1;1;0.257143
1277;0;0;0
1278;1;1;0.580645
1279;1;0;0
1280;1;1;0.142857
1281;0;1;0.190476
1282;0;1;0.35
1283;0;1;0.361111
1284;1;1;0.243243
1285;1;1;0.419355
1286;1;1;0.307692
1287;0;1;0.5
1288;0;1;0.0714286
1289;1;1;0.27027
1290;1;1;0.62963
1291;1;1;0.222222
1292;1;0;0
1293;1;0;0
1294;0;1;0.0666667
1295;1;0;0
1296;0;1;0.193548
1297;1;1;0.571429
1298;1;1;0.227273
1299;0;1;0.391304
1300;0;0;0
1301;1;1;0.129032
1302;1;0;0
1303;1;1;0.413793
1304;1;0;0
1305;1;1;0.190476
1306;0;1;0.130435
1307;1;0;0
1308;0;1;0.344828
1309;0;0;0
1310;1;1;0.666667
1311;1;0;0
1312;1;0;0
1313;1;1;0.1875
1314;1;1;0.111111
1315;1;1;0.25
1316;1;1;0.142857
1317;1;1;0.333333
1318;1;1;0.233333
1319;0;0;0
1320;1;0;0
1321;0;0;0
1322;1;1;0.222222
1323;1;1;0.25
1324;1;0;0
1325;0;0;0
1326;1;1;0.297297
1327;1;0;0
1328;0;1;0.551724
1329;0;0;0
1330;1;0;0
1331;1;0;0
1332;1;1;0.322581
1333;1;1;0.047619
1334;1;0;0
1335;1;1;0.0588235
1336;1;0;0
1337;0;0;0
1338;1;0;0
1339;1;1;0.36
1340;0;0;0
1341;0;1;0.333333
1342;1;1;0.105263
1343;1;0;0
1344;1;0;0
1345;0;1;0.263158
1346;1;1;0.307692
1347;1;0;0
1348;1;0;0
1349;1;0;0
1350;1;1;0.517241
1351;1;1;0.166667
1352;1;1;0.48
1353;1;1;0.363636
1354;0;1;0.216216
1355;1;1;0.25
1356;0;1;0.157895
1357;1;0;0
1358;1;1;0.62069
1359;0;0;0
1360;1;0;0
1361;1;0;0
1362;1;0;0
1363;1;0;0
1364;0;1;0.214286
1365;0;1;0.0909091
1366;0;1;0.37037
1367;1;0;0
1368;1;1;0.464286
1369;0;0;0
1370;0;0;0
1371;1;0;0
1372;0;1;0.1
1373;1;0;0
1374;1;0;0
1375;0;0;0
1376;0;1;0.227273
1377;1;1;0.382353
1378;1;1;0.257143
1379;1;0;0
1380;1;1;0.166667
1381;1;0;0
1382;1;1;0.352941
1383;0;1;0.304348
1384;0;0;0
1385;0;0;0
1386;0;0;0
1387;1;1;0.210526
1388;0;0;0
1389;0;1;0.387097
1390;1;1;0.615385
1391;1;0;0
1392;0;0;0
1393;1;1;0.666667
1394;1;1;0.5625
1395;1;1;0.175
1396;1;1;0.117647
1397;1;0;0
1398;0;1;0.0714286
1399;1;1;0.782609
1400;1;1;0.433333
1401;1;0;0
1402;0;1;0.105263
1403;1;1;0.181818
1404;0;1;0.172414
1405;0;0;0
1406;1;1;0.466667
1407;1;1;0.285714
1408;1;1;0.214286
1409;1;1;0.2
1410;1;0;0
1411;1;0;0
1412;1;0;0
1413;1;0;0
1414;0;1;0.176471
1415;1;0;0
1416;0;1;0.173913
1417;0;0;0
1418;1;0;0
1419;1;1;0.142857
1420;0;0;0
1421;1;1;0.461538
1422;1;1;0.432432
1423;1;1;0.25
1424;1;0;0
1425;0;1;0.0416667
1426;1;1;0.108108
1427;1;1;0.333333
1428;1;1;0.24
1429;1;1;0.166667
1430;0;1;0.15
1431;1;0;0
1432;1;1;0.0465116
1433;1;0;0
1434;1;1;0.714286
1435;1;0;0
1436;0;0;0
1437;1;1;0.305556
1438;0;0;0
1439;0;0;0
1440;0;1;0.32
1441;0;1;0.0851064
1442;1;0;0
1443;0;0;0
1444;0;1;0.0192308
1445;1;1;0.1875
1446;1;1;0.2
1447;1;1;0.3
1448;0;1;0.08
1449;1;0;0
1450;1;0;0
1451;1;1;0.037037
1452;1;1;0.482759
1453;0;0;0
1454;0;1;0.125
1455;0;1;0.212121
1456;1;1;0.1
1457;0;1;0.68
1458;1;1;0.129032
1459;1;1;0.441176
1460;0;1;0.210526
1461;1;1;0.0416667
1462;0;0;0
1463;0;1;0.28125
1464;0;1;0.0833333
1465;0;1;0.230769
1466;1;1;0.28125
1467;0;1;0.03125
1468;0;1;0.36
1469;0;1;0.631579
1470;1;1;0.307692
1471;0;1;0.0425532
1472;1;1;0.142857
1473;0;1;0.185185
1474;0;1;0.09375
1475;1;0;0
1476;1;0;0
1477;1;1;0.15
1478;1;1;0.136364
1479;1;0;0
1480;1;0;0
1481;1;1;0.210526
1482;1;1;0.0909091
1483;1;1;0.285714
1484;0;0;0
1485;1;0;0
1486;1;1;0.291667
1487;1;0;0
1488;1;0;0
1489;0;1;0.190476
1490;1;0;0
1491;0;1;0.153846
1492;1;0;0
1493;0;1;0.125
1494;1;1;0.157895
1495;1;1;0.228571
1496;1;1;0.540541
1497;1;1;0.208333
1498;1;1;0.157895
1499;1;1;0.04
1500;1;0;0
1501;1;1;0.05
1502;1;1;0.375
1503;1;1;0.761905
1504;1;1;0.2
1505;1;1;0.292683
1506;1;1;0.46875
1507;1;0;0
1508;1;1;0.243243
1509;1;1;0.653846
1510;0;0;0
1511;0;0;0
1512;1;0;0
1513;1;0;0
1514;1;1;0.0952381
1515;1;1;0.46875
1516;0;1;0.1
1517;1;0;0
1518;1;1;0.0666667
1519;1;1;0.37931
1520;1;1;0.434783
1521;1;1;0.576923
1522;0;0;0
1523;1;1;0.444444
1524;0;1;0.166667
1525;1;1;0.421053
1526;1;0;0
1527;0;0;0
1528;1;0;0
1529;0;0;0
1530;0;1;0.193548
1531;1;1;0.0526316
1532;0;0;0
1533;1;1;0.0555556
1534;1;1;0.535714
1535;0;0;0
1536;0;1;0.166667
1537;1;0;0
1538;0;0;0
1539;0;0;0
1540;1;1;0.36
1541;1;1;0.294118
1542;0;1;0.266667
1543;0;1;0.125
1544;1;1;0.48
1545;1;0;0
1546;1;1;0.2
1547;1;0;0
1548;0;1;0.48
1549;0;1;0.26087
1550;0;0;0
1551;0;0;0
1552;1;1;0.0833333
1553;1;0;0
1554;0;0;0
1555;0;0;0
1556;1;1;0.541667
1557;0;1;0.304348
1558;1;1;0.692308
1559;0;0;0
1560;0;1;0.236842
1561;0;1;0.25
1562;1;1;0.357143
1563;1;1;0.0526316
1564;1;1;0.272727
1565;1;0;0
1566;0;0;0
1567;1;0;0
1568;1;0;0
1569;1;0;0
1570;0;1;0.130435
1571;0;0;0
1572;1;1;0.521739
1573;0;0;0
1574;0;1;0.133333
1575;0;0;0
1576;1;0;0
1577;0;0;0
1578;1;1;0.0857143
1579;0;1;0.40625
1580;1;1;0.178571
1581;1;0;0
1582;0;1;0.275862
1583;1;0;0
1584;0;1;0.0454545
1585;1;0;0
1586;1;1;0.2
1587;1;0;0
1588;1;0;0
1589;0;1;0.148148
1590;1;0;0
1591;1;0;0
1592;1;0;0
1593;1;0;0
1594;1;1;0.461538
1595;1;1;0.119048
1596;1;1;0.227273
1597;1;1;0.52381
1598;1;0;0
1599;1;1;0.466667
1600;1;1;0.25
1601;0;1;0.1
1602;0;0;0
1603;1;1;0.478261
1604;1;0;0
1605;1;1;0.208333
1606;0;1;0.166667
1607;1;0;0
1608;0;1;0.222222
1609;0;0;0
1610;0;0;0
1611;1;1;0.25
1612;0;0;0
1613;1;1;0.139535
1614;1;1;0.555556
1615;0;1;0.263158
1616;1;1;0.03125
1617;1;1;0.125
1618;0;0;0
1619;1;0;0
1620;1;1;0.5
1621;1;0;0
1622;1;0;0
1623;1;0;0
1624;0;1;0.097561
1625;1;0;0
1626;0;0;0
1627;1;1;0.424242
1628;1;1;0.444444
1629;1;0;0
1630;0;0;0
1631;1;1;0.6
1632;0;0;0
1633;1;1;0.368421
1634;1;1;0.68
1635;1;1;0.608696
1636;1;0;0
1637;0;1;0.12
1638;1;1;0.333333
1639;1;1;0.105263
1640;0;0;0
1641;0;1;0.318182
1642;0;0;0
1643;1;1;0.52
1644;1;1;0.21875
1645;0;1;0.526316
1646;1;1;0.15625
1647;1;1;0.166667
1648;1;1;0.285714
1649;0;1;0.53125
1650;1;1;0.466667
1651;1;1;0.15625
1652;1;1;0.375
1653;0;0;0
1654;1;1;0.392857
1655;1;0;0
1656;0;0;0
1657;0;1;0.424242
1658;1;1;0.0416667
1659;0;0;0
1660;1;1;0.181818
1661;0;1;0.464286
1662;0;1;0.454545
1663;1;1;0.142857
1664;0;1;0.275862
1665;0;1;0.2
1666;0;1;0.157895
1667;0;1;0.111111
1668;1;1;0.56
1669;0;1;0.16129
1670;1;1;0.466667
1671;1;1;0.481481
1672;1;1;0.277778
1673;0;1;0.176471
1674;0;1;0.0869565
1675;1;0;0
1676;1;1;0.346154
1677;1;1;0.258065
1678;1;1;0.4375
1679;1;1;0.233333
1680;1;1;0.147059
1681;0;1;0.111111
1682;1;0;0
1683;1;1;0.548387
1684;1;1;0.333333
1685;1;0;0
1686;0;0;0
1687;1;1;0.179487
1688;1;1;0.391304
1689;0;0;0
1690;1;0;0
1691;0;0;0
1692;0;1;0.318182
1693;0;1;0.25
1694;1;0;0
1695;1;0;0
1696;0;1;0.24
1697;1;1;0.05
1698;1;1;0.153846
1699;1;1;0.5
1700;1;1;0.26087
1701;1;1;0.590909
1702;1;1;0.433333
1703;1;0;0
1704;1;0;0
1705;1;1;0.233333
1706;1;1;0.133333
1707;0;0;0
1708;1;1;0.296296
1709;1;1;0.205882
1710;1;1;0.307692
1711;0;0;0
1712;1;0;0
1713;1;1;0.357143
1714;1;1;0.16129
1715;1;0;0
1716;1;1;0.551724
1717;0;0;0
1718;1;0;0
1719;0;0;0
1720;1;1;0.107143
1721;1;1;0.21875
1722;1;1;0.15
1723;1;0;0
1724;1;0;0
1725;1;1;0.206897
1726;0;1;0.227273
1727;1;1;0.363636
1728;1;1;0.586207
1729;1;0;0
1730;1;1;0.0434783
1731;1;1;0.0769231
1732;0;1;0.652174
1733;0;1;0.192308
1734;1;1;0.548387
1735;0;1;0.136364
1736;1;1;0.04
1737;0;1;0.05
1738;0;1;0.258065
1739;0;0;0
1740;1;1;0.545455
1741;1;1;0.407407
1742;1;1;0.0714286
1743;0;1;0.0555556
1744;0;0;0
1745;1;1;0.166667
1746;1;0;0
1747;1;1;0.482759
1748;1;0;0
1749;0;1;0.105263
1750;1;1;0.137931
1751;1;0;0
1752;1;1;0.0625
1753;1;1;0.44
1754;0;1;0.0882353
1755;1;1;0.047619
1756;1;0;0
1757;1;1;0.277778
1758;1;0;0
1759;1;1;0.294118
1760;1;1;0.272727
1761;1;1;0.0714286
1762;0;1;0.285714
1763;0;1;0.0833333
1764;1;0;0
1765;1;0;0
1766;1;1;0.166667
1767;1;1;0.606061
1768;1;1;0.333333
1769;1;1;0.26087
1770;1;1;0.413793
1771;0;0;0
1772;0;1;0.047619
1773;0;1;0.419355
1774;1;1;0.0344828
1775;1;0;0
1776;1;1;0.0625
1777;1;0;0
1778;0;0;0
1779;1;0;0
1780;1;0;0
1781;1;1;0.84
1782;1;1;0.4
1783;1;1;0.153846
1784;1;1;0.34375
1785;1;0;0
1786;1;1;0.361111
1787;1;1;0.411765
1788;0;0;0
1789;0;1;0.0909091
1790;1;1;0.0416667
1791;1;1;0.117647
1792;1;0;0
1793;0;0;0
1794;1;0;0
1795;0;0;0
1796;0;0;0
1797;1;0;0
1798;1;1;0.35
1799;0;1;0.0384615
1800;0;0;0
1801;1;0;0
1802;1;0;0
1803;0;0;0
1804;1;0;0
1805;0;1;0.347826
1806;0;1;0.047619
1807;0;0;0
1808;1;0;0
1809;1;0;0
1810;0;1;0.0869565
1811;1;1;0.25
1812;1;1;0.285714
1813;0;1;0.181818
1814;1;1;0.47619
1815;1;1;0.457143
1816;1;1;0.0434783
1817;1;1;0.304348
1818;1;1;0.103448
1819;1;1;0.368421
1820;1;1;0.0416667
1821;1;0;0
1822;0;0;0
1823;0;0;0
1824;1;1;0.342105
1825;0;1;0.125
1826;0;0;0
1827;1;1;0.1875
1828;0;0;0
1829;1;1;0.131579
1830;1;0;0
1831;1;1;0.130435
1832;0;1;0.4
1833;1;1;0.157895
1834;1;1;0.148148
1835;1;1;0.4
1836;0;1;0.28125
1837;1;1;0.4
1838;1;1;0.227273
1839;0;0;0
1840;1;1;0.125
1841;0;0;0
1842;0;1;0.142857
1843;1;0;0
1844;1;1;0.16
1845;0;1;0.0277778
1846;0;1;0.230769
1847;0;0;0
1848;1;1;0.1
1849;1;1;0.652174
1850;1;0;0
1851;1;0;0
1852;1;0;0
1853;0;1;0.166667
1854;0;0;0
1855;0;0;0
1856;1;1;0.0952381
1857;0;1;0.0454545
1858;1;1;0.227273
1859;0;0;0
1860;1;1;0.285714
1861;0;1;0.0416667
1862;0;1;0.419355
1863;1;1;0.413793
1864;1;1;0.0952381
1865;1;1;0.04
1866;0;0;0
1867;1;1;0.52
1868;1;0;0
1869;1;1;0.216216
1870;1;0;0
1871;1;0;0
1872;1;0;0
1873;1;1;0.53125
1874;1;1;0.3
1875;1;1;0.217391
1876;1;0;0
1877;1;1;0.230769
1878;1;0;0
1879;1;1;0.0980392
1880;1;1;0.0294118
1881;1;1;0.162162
1882;1;1;0.115385
1883;0;0;0
1884;1;1;0.242424
1885;0;0;0
1886;1;0;0
1887;0;1;0.4375
1888;1;1;0.322581
1889;1;0;0
1890;0;1;0.1
1891;1;0;0
1892;1;1;0.384615
1893;0;1;0.294118
1894;0;1;0.642857
1895;1;1;0.5
1896;1;0;0
1897;0;0;0
1898;1;0;0
1899;1;1;0.289474
1900;0;1;0.310345
1901;1;1;0.411765
1902;0;0;0
1903;0;1;0.2
1904;1;1;0.208333
1905;0;1;0.09375
1906;0;1;0.128205
1907;0;0;0
1908;1;1;0.166667
1909;1;1;0.148148
1910;0;1;0.0434783
1911;1;1;0.71875
1912;0;0;0
1913;1;0;0
1914;1;1;0.0454545
1915;1;0;0
1916;1;1;0.393939
1917;1;0;0
1918;0;0;0
1919;1;1;0.590909
1920;1;1;0.4
1921;1;1;0.52381
1922;1;1;0.210526
1923;0;0;0
1924;1;1;0.5
1925;0;0;0
1926;0;0;0
1927;0;1;0.0588235
1928;1;1;0.28125
1929;0;1;0.125
1930;1;0;0
1931;1;1;0.25
1932;1;1;0.4
1933;1;0;0
1934;0;1;0.25
1935;1;1;0.153846
1936;1;1;0.368421
1937;1;1;0.666667
1938;1;0;0
1939;1;1;0.419355
1940;0;0;0
1941;1;0;0
1942;1;1;0.1
1943;1;0;0
1944;0;1;0.481481
1945;1;1;0.428571
1946;0;1;0.258065
1947;1;1;0.321429
1948;1;1;0.0625
1949;0;0;0
1950;1;1;0.111111
1951;1;0;0
1952;0;0;0
1953;1;1;0.25
1954;1;1;0.354839
1955;1;1;0.0454545
1956;0;1;0.135135
1957;0;0;0
1958;1;0;0
1959;0;1;0.107143
1960;0;1;0.142857
1961;1;1;0.193548
1962;1;1;0.217391
1963;0;1;0.189189
1964;0;0;0
1965;1;0;0
1966;0;0;0
1967;0;1;0.105263
1968;1;1;0.228571
1969;1;1;0.25
1970;1;0;0
1971;0;1;0.5
1972;1;1;0.142857
1973;0;1;0.166667
1974;0;1;0.0526316
1975;1;1;0.433333
1976;1;0;0
1977;0;1;0.129032
1978;1;1;0.0526316
1979;1;1;0.097561
1980;1;0;0
1981;1;1;0.0833333
1982;1;1;0.272727
1983;0;0;0
1984;1;1;0.318182
1985;1;0;0
1986;1;1;0.583333
1987;1;0;0
1988;1;0;0
1989;1;1;0.347826
1990;1;0;0
1991;1;1;0.290323
1992;1;1;0.5
1993;1;1;0.285714
1994;1;0;0
1995;1;1;0.333333
1996;1;0;0
1997;1;0;0
1998;0;0;0
1999;0;0;0
2000;1;0;0
2001;1;1;0.181818
2002;1;1;0.384615
2003;0;0;0
2004;0;1;0.129032
2005;0;1;0.04
2006;1;0;0
2007;1;1;0.642857
2008;0;1;0.5
2009;1;1;0.428571
2010;1;1;0.157895
2011;1;0;0
2012;1;1;0.545455
2013;1;0;0
2014;0;1;0.037037
2015;1;0;0
2016;0;1;0.259259
2017;1;1;0.454545
2018;0;1;0.2
2019;1;1;0.105263
2020;0;1;0.192308
2021;1;1;0.15
2022;0;1;0.166667
2023;1;1;0.666667
2024;0;0;0
2025;0;1;0.178571
2026;0;1;0.181818
2027;1;1;0.0416667
2028;1;1;0.346154
2029;1;0;0
2030;0;0;0
2031;1;0;0
2032;1;1;0.333333
2033;0;0;0
2034;1;1;0.380952
2035;1;0;0
2036;0;0;0
2037;1;1;0.3125
2038;0;1;0.0681818
2039;0;0;0
2040;1;1;0.0909091
2041;0;1;0.0952381
2042;1;1;0.421053
2043;1;1;0.352941
2044;1;1;0.333333
2045;0;1;0.0833333
2046;1;0;0
2047;1;0;0
2048;1;1;0.235294
2049;1;0;0
2050;0;0;0
2051;1;1;0.175
2052;1;1;0.176471
2053;1;0;0
2054;1;1;0.030303
2055;1;0;0
2056;1;0;0
2057;1;0;0
2058;1;0;0
2059;1;1;0.0833333
2060;1;0;0
2061;1;1;0.142857
2062;0;1;0.037037
2063;1;1;0.214286
2064;1;0;0
2065;1;1;0.315789
2066;0;0;0
2067;0;0;0
2068;1;0;0
2069;1;1;0.333333
2070;0;1;0.65
2071;1;0;0
2072;1;1;0.586207
2073;1;1;0.307692
2074;0;1;0.153846
2075;1;1;0.228571
2076;1;1;0.04
2077;0;0;0
2078;0;0;0
2079;1;0;0
2080;0;0;0
2081;1;0;0
2082;0;0;0
2083;0;1;0.184211
2084;1;1;0.642857
2085;1;1;0.0689655
2086;1;0;0
2087;1;0;0
2088;1;1;0.4375
2089;0;1;0.0769231
2090;0;0;0
2091;1;1;0.36
2092;1;1;0.62963
2093;0;1;0.0416667
2094;1;1;0.583333
2095;0;0;0
2096;1;1;0.155556
2097;1;1;0.1
2098;1;1;0.0833333
2099;0;1;0.107143
2100;1;1;0.217391
2101;1;1;0.217391
2102;1;1;0.133333
2103;0;0;0
2104;1;1;0.238095
2105;0;0;0
2106;1;1;0.421053
2107;0;1;0.263158
2108;1;1;0.125
2109;1;1;0.190476
2110;0;0;0
2111;0;1;0.0833333
2112;0;1;0.208333
2113;1;0;0
2114;0;1;0.111111
2115;1;1;0.611111
2116;1;0;0
2117;1;1;0.645161
2118;0;0;0
2119;1;1;0.130435
2120;0;1;0.413793
2121;0;1;0.136364
2122;1;1;0.37037
2123;1;1;0.28
2124;0;1;0.0555556
2125;1;1;0.451613
2126;1;0;0
2127;1;1;0.111111
2128;1;0;0
2129;1;0;0
2130;1;1;0.358974
2131;1;1;0.416667
2132;1;1;0.259259
2133;1;1;0.2
2134;1;1;0.26087
2135;0;0;0
2136;1;0;0
2137;1;1;0.0909091
2138;0;1;0.157895
2139;1;0;0
2140;1;1;0.266667
2141;0;1;0.153846
2142;0;1;0.192308
2143;1;1;0.261905
2144;1;0;0
2145;1;1;0.195122
2146;1;1;0.526316
2147;1;0;0
2148;1;1;0.478261
2149;1;1;0.153846
2150;1;1;0.129032
2151;1;1;0.4
2152;1;1;0.46875
2153;0;0;0
2154;1;1;0.444444
2155;1;1;0.695652
2156;0;1;0.173913
2157;1;1;0.583333
2158;0;1;0.321429
2159;1;1;0.0967742
2160;1;0;0
2161;0;0;0
2162;1;1;0.28125
2163;0;1;0.131579
2164;0;1;0.4
2165;1;1;0.266667
2166;1;1;0.478261
2167;1;0;0
2168;1;1;0.305556
2169;1;1;0.5
2170;1;1;0.392857
2171;0;1;0.212121
2172;1;1;0.405405
2173;0;0;0
2174;1;1;0.176471
2175;1;1;0.294118
2176;1;0;0
2177;1;1;0.4
2178;1;1;0.28
2179;1;1;0.575758
2180;0;0;0
2181;1;0;0
2182;1;0;0
2183;1;0;0
2184;0;1;0.190476
2185;1;0;0
2186;1;1;0.555556
2187;0;1;0.115385
2188;1;1;0.107143
2189;0;0;0
2190;1;1;0.142857
2191;0;1;0.454545
2192;1;1;0.133333
2193;0;0;0
2194;1;1;0.380952
2195;0;1;0.137931
2196;1;0;0
2197;1;0;0
2198;0;1;0.37037
2199;1;1;0.192308
2200;1;1;0.208333
2201;1;1;0.25
2202;1;1;0.272727
2203;1;1;0.571429
2204;1;1;0.0416667
2205;1;1;0.37931
2206;1;1;0.2
2207;1;1;0.0416667
2208;0;0;0
2209;1;1;0.0416667
2210;0;1;0.235294
2211;1;1;0.428571
2212;0;1;0.346154
2213;1;1;0.441176
2214;1;1;0.130435
2215;1;0;0
2216;1;0;0
2217;0;1;0.04
2218;1;0;0
2219;1;1;0.30303
2220;1;0;0
2221;0;0;0
2222;1;0;0
2223;1;1;0.125
2224;0;0;0
2225;1;0;0
2226;1;1;0.181818
2227;1;1;0.0384615
2228;1;1;0.222222
2229;0;0;0
2230;1;1;0.85
2231;1;1;0.117647
2232;1;1;0.26087
2233;0;0;0
2234;1;0;0
2235;1;1;0.315789
2236;0;0;0
2237;0;1;0.05
2238;1;0;0
2239;1;1;0.482759
2240;1;0;0
2241;1;0;0
2242;0;1;0.0625
2243;1;0;0
2244;1;1;0.413793
2245;0;1;0.275862
2246;1;1;0.333333
2247;0;1;0.0526316
2248;1;1;0.384615
2249;1;1;0.432432
2250;1;1;0.212121
2251;0;1;0.0740741
2252;0;1;0.371429
2253;1;0;0
2254;0;1;0.0434783
2255;0;1;0.0434783
2256;1;1;0.0833333
2257;0;0;0
2258;1;1;0.678571
2259;1;1;0.375
2260;1;0;0
2261;1;0;0
2262;1;1;0.433333
2263;1;1;0.36
2264;1;0;0
2265;1;1;0.545455
2266;1;0;0
2267;0;0;0
2268;1;1;0.136364
2269;1;0;0
2270;1;1;0.142857
2271;1;1;0.0833333
2272;0;1;0.192308
2273;1;0;0
2274;1;0;0
2275;1;1;0.297297
2276;0;1;0.166667
2277;0;0;0
2278;1;1;0.2
2279;0;1;0.368421
2280;1;0;0
2281;1;0;0
2282;1;1;0.458333
2283;1;1;0.666667
2284;1;1;0.1875
2285;0;1;0.0588235
2286;1;0;0
2287;1;1;0.0384615
2288;0;0;0
2289;1;1;0.62963
2290;1;1;0.125
2291;1;1;0.535714
2292;1;1;0.0952381
2293;1;1;0.46875
2294;0;0;0
2295;1;1;0.733333
2296;0;0;0
2297;1;0;0
2298;1;1;0.037037
2299;1;1;0.565217
2300;0;1;0.0967742
2301;0;1;0.0666667
2302;1;0;0
2303;1;0;0
2304;0;1;0.32
2305;0;0;0
2306;1;1;0.875
2307;1;1;0.272727
2308;1;0;0
2309;0;1;0.04
2310;1;1;0.227273
2311;1;1;0.173077
2312;1;1;0.222222
2313;1;1;0.296296
2314;0;0;0
2315;1;1;0.0588235
2316;0;0;0
2317;0;0;0
2318;1;0;0
2319;0;0;0
2320;1;0;0
2321;1;0;0
2322;1;0;0
2323;1;1;0.125
2324;0;1;0.0666667
2325;1;1;0.390244
2326;1;1;0.315789
2327;1;1;0.371429
2328;1;0;0
2329;1;1;0.0952381
2330;1;1;0.346154
2331;0;0;0
2332;1;0;0
2333;1;1;0.04
2334;1;1;0.0952381
2335;1;0;0
2336;1;1;0.384615
2337;1;1;0.0217391
2338;1;1;0.533333
2339;1;1;0.142857
2340;1;0;0
2341;1;1;0.470588
2342;0;1;0.176471
2343;1;1;0.08
2344;1;1;0.612903
2345;1;1;0.285714
2346;1;1;0.466667
2347;1;1;0.24
2348;0;0;0
2349;1;1;0.217391
2350;1;1;0.214286
2351;0;1;0.321429
2352;1;0;0
2353;1;1;0.193548
2354;1;1;0.304348
2355;0;1;0.216216
2356;1;1;0.518519
2357;1;0;0
2358;1;0;0
2359;0;1;0.108108
2360;0;1;0.0344828
2361;0;1;0.26087
2362;0;1;0.333333
2363;0;0;0
2364;0;1;0.05
2365;0;1;0.0357143
2366;1;1;0.0645161
2367;0;1;0.15
2368;1;0;0
2369;1;1;0.310345
2370;0;1;0.181818
2371;1;0;0
2372;1;0;0
2373;1;1;0.0833333
2374;0;1;0.2
2375;1;1;0.27027
2376;1;0;0
2377;1;0;0
2378;1;1;0.354839
2379;0;1;0.117647
2380;1;1;0.275862
2381;1;1;0.235294
2382;1;1;0.612903
2383;1;1;0.846154
2384;0;0;0
2385;0;1;0.181818
2386;1;1;0.0555556
2387;1;0;0
2388;1;1;0.483871
2389;1;1;0.571429
2390;1;0;0
2391;1;1;0.227273
2392;1;0;0
2393;0;1;0.16129
2394;0;1;0.233333
2395;1;1;0.25
2396;0;1;0.289474
2397;0;1;0.111111
2398;0;1;0.170732
2399;1;1;0.114286
2400;0;1;0.114286
2401;0;0;0
2402;1;1;0.5
2403;1;1;0.047619
2404;1;0;0
2405;0;0;0
2406;0;1;0.277778
2407;0;1;0.0909091
2408;0;1;0.0625
2409;1;0;0
2410;0;1;0.217391
2411;1;0;0
2412;1;1;0.368421
2413;1;1;0.0625
2414;1;0;0
2415;1;0;0
2416;1;0;0
2417;1;1;0.277778
2418;1;1;0.375
2419;1;1;0.5
2420;0;1;0.173913
2421;1;1;0.4
2422;1;0;0
2423;1;1;0.142857
2424;1;0;0
2425;0;1;0.138889
2426;1;1;0.0384615
2427;1;0;0
2428;0;1;0.153846
2429;1;1;0.1
2430;0;1;0.192308
2431;0;1;0.263158
2432;1;0;0
2433;1;0;0
2434;1;0;0
2435;0;1;0.428571
2436;1;0;0
2437;1;0;0
2438;0;1;0.214286
2439;1;0;0
2440;0;1;0.137931
2441;0;0;0
2442;1;1;0.3
2443;1;1;0.34375
2444;1;1;0.166667
2445;0;1;0.304348
2446;0;0;0
2447;1;1;0.15
2448;0;0;0
2449;1;1;0.227273
2450;0;1;0.0689655
2451;1;1;0.0357143
2452;0;0;0
2453;0;0;0
2454;1;1;0.541667
2455;0;0;0
2456;1;0;0
2457;0;1;0.384615
2458;1;0;0
2459;1;1;0.392857
2460;1;1;0.434783
2461;1;0;0
2462;1;0;0
2463;1;0;0
2464;0;0;0
2465;1;0;0
2466;1;0;0
2467;0;0;0
2468;0;0;0
2469;0;1;0.136364
2470;0;1;0.56
2471;0;1;0.0625
2472;1;0;0
2473;1;0;0
2474;1;0;0
2475;1;0;0
2476;1;0;0
2477;0;1;0.210526
2478;1;1;0.294118
2479;1;0;0
2480;0;1;0.0769231
2481;0;0;0
2482;0;1;0.166667
2483;1;1;0.315789
2484;0;0;0
2485;1;0;0
2486;0;1;0.107143
2487;1;0;0
2488;1;0;0
2489;1;1;0.0681818
2490;1;1;0.375
2491;1;0;0
2492;0;0;0
2493;0;1;0.181818
2494;1;0;0
2495;0;0;0
2496;1;1;0.366667
2497;1;1;0.333333
2498;0;1;0.368421
2499;1;1;0.777778
2500;1;1;0.64
2501;1;1;0.4
2502;1;1;0.037037
2503;0;1;0.3125
2504;0;1;0.111111
2505;0;1;0.291667
2506;0;0;0
2507;1;0;0
2508;1;1;0.352941
2509;1;1;0.423077
2510;1;1;0.3
2511;0;0;0
2512;0;1;0.625
2513;1;1;0.285714
2514;1;1;0.185185
2515;1;0;0
2516;1;1;0.115385
2517;1;0;0
2518;1;1;0.529412
2519;0;1;0.142857
2520;0;1;0.217391
2521;0;0;0
2522;0;0;0
2523;1;0;0
2524;1;1;0.576923
2525;1;1;0.121212
2526;1;1;0.137931
2527;0;0;0
2528;0;1;0.28
2529;0;1;0.216216
2530;0;0;0
2531;1;0;0
2532;0;1;0.387097
2533;0;0;0
2534;1;1;0.09375
2535;0;0;0
2536;1;0;0
2537;1;1;0.324324
2538;1;1;0.451613
2539;1;0;0
2540;1;1;0.128205
2541;0;1;0.181818
2542;0;1;0.233333
2543;0;0;0
2544;1;1;0.0555556
2545;1;1;0.521739
2546;1;1;0.111111
2547;1;0;0
2548;1;1;0.354839
2549;1;0;0
2550;1;0;0
2551;1;1;0.40625
2552;1;1;0.166667
2553;1;0;0
2554;1;1;0.08
2555;1;1;0.342857
2556;1;1;0.075
2557;0;1;0.333333
2558;0;0;0
2559;1;1;0.46875
2560;0;1;0.147059
2561;0;0;0
2562;1;0;0
2563;1;0;0
2564;0;1;0.176471
2565;1;0;0
2566;0;0;0
2567;1;1;0.321429
2568;1;1;0.142857
2569;0;0;0
2570;1;1;0.785714
2571;1;1;0.181818
2572;0;1;0.222222
2573;1;1;0.1
2574;1;1;0.142857
2575;1;1;0.272727
2576;1;1;0.423077
2577;1;1;0.448276
2578;0;0;0
2579;0;0;0
2580;1;1;0.541667
2581;1;1;0.40625
2582;1;1;0.333333
2583;1;1;0.37931
2584;1;1;0.310345
2585;1;0;0
2586;1;1;0.354839
2587;0;1;0.136364
2588;1;1;0.241379
2589;1;1;0.208333
2590;1;0;0
2591;1;0;0
2592;1;1;0.08
2593;1;1;0.304348
2594;1;1;0.178571
2595;0;0;0
2596;0;1;0.115385
2597;0;1;0.0416667
2598;0;0;0
2599;1;1;0.16
2600;1;1;0.363636
2601;0;1;0.166667
2602;0;1;0.44
2603;1;1;0.142857
2604;1;1;0.166667
2605;1;1;0.289474
2606;1;1;0.153846
2607;1;1;0.419355
2608;1;1;0.272727
2609;1;1;0.296296
2610;1;0;0
2611;1;0;0
2612;1;0;0
2613;1;1;0.342105
2614;1;0;0
2615;0;0;0
2616;0;1;0.157895
2617;0;0;0
2618;1;1;0.25
2619;1;0;0
2620;1;0;0
2621;0;1;0.05
2622;0;1;0.305556
2623;0;1;0.380952
2624;1;0;0
2625;1;0;0
2626;1;0;0
2627;0;1;0.0769231
2628;1;0;0
2629;1;1;0.189189
2630;1;1;0.571429
2631;0;1;0.428571
2632;1;0;0
2633;1;1;0.289474
2634;1;1;0.541667
2635;0;1;0.0666667
2636;1;1;0.296296
2637;0;0;0
2638;0;1;0.235294
2639;1;1;0.238095
2640;1;0;0
2641;1;1;0.142857
2642;1;0;0
2643;1;0;0
2644;1;1;0.142857
2645;1;1;0.807692
2646;0;1;0.107143
2647;0;1;0.05
2648;0;0;0
2649;0;1;0.387097
2650;0;1;0.25
2651;1;1;0.107143
2652;0;1;0.0909091
2653;0;0;0
2654;0;0;0
2655;1;1;0.5
2656;0;0;0
2657;1;0;0
2658;1;1;0.227273
2659;1;1;0.285714
2660;1;0;0
2661;1;0;0
2662;0;1;0.259259
2663;0;0;0
2664;0;1;0.272727
2665;0;1;0.117647
2666;1;0;0
2667;1;0;0
2668;0;0;0
2669;1;1;0.175
2670;0;0;0
2671;1;1;0.222222
2672;0;1;0.277778
2673;1;1;0.131579
2674;1;1;0.428571
2675;0;1;0.210526
2676;0;0;0
2677;1;1;0.190476
2678;0;1;0.0714286
2679;1;1;0.558824
2680;1;1;0.047619
2681;1;1;0.607143
2682;1;0;0
2683;0;1;0.181818
2684;0;0;0
2685;0;0;0
2686;1;1;0.32
2687;0;0;0
2688;1;0;0
2689;0;1;0.222222
2690;1;1;0.333333
2691;1;1;0.457143
2692;1;0;0
2693;0;1;0.09375
2694;1;1;0.173913
2695;1;1;0.114286
2696;0;0;0
2697;1;1;0.761905
2698;0;0;0
2699;1;1;0.25
2700;1;1;0.263158
2701;1;0;0
2702;1;1;0.131579
2703;0;1;0.21875
2704;1;1;0.705882
2705;1;0;0
2706;1;0;0
2707;0;1;0.407407
2708;0;0;0
2709;1;1;0.407407
2710;1;1;0.419355
2711;1;1;0.0769231
2712;1;0;0
2713;0;0;0
2714;1;0;0
2715;0;1;0.458333
2716;0;0;0
2717;1;1;0.647059
2718;1;1;0.166667
2719;1;1;0.4
2720;1;1;0.285714
2721;1;1;0.0909091
2722;1;1;0.346154
2723;1;0;0
2724;0;0;0
2725;1;0;0
2726;1;0;0
2727;1;1;0.484848
2728;1;1;0.371429
2729;0;0;0
2730;1;1;0.384615
2731;1;0;0
2732;1;1;0.15
2733;1;0;0
2734;0;0;0
2735;1;0;0
2736;0;1;0.171429
2737;1;1;0.387097
2738;0;1;0.305556
2739;1;1;0.21875
2740;1;1;0.0645161
2741;1;1;0.117647
2742;1;1;0.214286
2743;1;1;0.387097
2744;0;1;0.125
2745;1;1;0.0789474
2746;1;1;0.0869565
2747;1;1;0.0625
2748;1;1;0.615385
2749;0;0;0
2750;1;1;0.217391
2751;0;1;0.214286
2752;0;1;0.2
2753;1;1;0.380952
2754;1;0;0
2755;1;1;0.121212
2756;0;1;0.375
2757;1;1;0.190476
2758;1;1;0.129032
2759;1;1;0.857143
2760;0;1;0.105263
2761;1;1;0.115385
2762;0;1;0.0909091
2763;1;1;0.545455
2764;1;1;0.05
2765;1;0;0
2766;1;0;0
2767;0;1;0.130435
2768;1;1;0.0588235
2769;0;1;0.193548
2770;0;1;0.428571
2771;1;1;0.433333
2772;1;1;0.366667
2773;0;1;0.125
2774;1;1;0.333333
2775;0;0;0
2776;1;1;0.0625
2777;0;0;0
2778;1;1;0.0606061
2779;0;0;0
2780;1;1;0.5
2781;1;1;0.285714
2782;1;1;0.192308
2783;0;1;0.1
2784;1;1;0.461538
2785;0;0;0
2786;1;0;0
2787;1;1;0.814815
2788;0;1;0.238095
2789;1;0;0
2790;1;1;0.655172
2791;1;0;0
2792;0;1;0.0769231
2793;1;0;0
2794;0;1;0.692308
2795;1;0;0
2796;1;1;0.5
2797;0;1;0.111111
2798;0;0;0
2799;1;0;0
2800;1;1;0.0833333
2801;0;1;0.173913
2802;1;0;0
2803;1;1;0.157895
2804;1;1;0.185185
2805;0;1;0.172414
2806;0;1;0.296296
2807;1;0;0
2808;1;1;0.0869565
2809;1;0;0
2810;0;0;0
2811;1;0;0
2812;1;1;0.0769231
2813;1;1;0.181818
2814;1;0;0
2815;1;0;0
2816;1;1;0.333333
2817;1;1;0.222222
2818;1;0;0
2819;1;1;0.384615
2820;1;1;0.0454545
2821;0;1;0.117647
2822;1;1;0.518519
2823;1;0;0
2824;0;0;0
2825;1;1;0.136364
2826;1;0;0
2827;1;1;0.68
2828;1;0;0
2829;1;0;0
2830;1;1;0.6875
2831;1;1;0.275862
2832;1;0;0
2833;1;1;0.117647
2834;1;1;0.151515
2835;1;0;0
2836;1;0;0
2837;1;0;0
2838;1;0;0
2839;1;1;0.333333
2840;0;0;0
2841;0;0;0
2842;0;1;0.136364
2843;1;1;0.0571429
2844;0;1;0.0416667
2845;0;0;0
2846;1;1;0.411765
2847;0;1;0.130435
2848;0;1;0.0384615
2849;1;1;0.242424
2850;1;0;0
2851;1;0;0
2852;1;0;0
2853;1;1;0.351351
2854;1;1;0.09375
2855;1;0;0
2856;1;1;0.0769231
2857;1;0;0
2858;1;0;0
2859;0;1;0.166667
2860;1;0;0
2861;1;0;0
2862;1;1;0.214286
2863;1;1;0.125
2864;1;1;1
2865;1;1;0.26087
2866;1;1;0.103448
2867;1;1;0.535714
2868;0;1;0.354839
2869;0;0;0
2870;0;1;0.133333
2871;1;1;0.25
2872;1;1;0.384615
2873;1;0;0
2874;0;1;0.142857
2875;1;0;0
2876;1;1;0.16
2877;1;1;0.210526
2878;0;1;0.3125
2879;0;1;0.2
2880;1;1;0.304348
2881;1;1;0.606061
2882;1;1;0.142857
2883;1;0;0
2884;1;1;0.232558
2885;1;1;0.0454545
2886;1;1;0.105263
2887;1;1;0.0454545
2888;1;0;0
2889;1;0;0
2890;1;0;0
2891;1;0;0
2892;1;1;0.307692
2893;0;1;0.206897
2894;1;1;0.45
2895;0;0;0
2896;1;0;0
2897;1;1;0.0526316
2898;1;1;0.307692
2899;1;1;0.448276
2900;0;1;0.387097
2901;1;0;0
2902;1;1;0.151515
2903;1;1;0.0714286
2904;0;1;0.166667
2905;1;0;0
2906;1;1;0.444444
2907;1;0;0
2908;0;0;0
2909;1;0;0
2910;0;0;0
2911;0;0;0
2912;0;1;0.481481
2913;1;0;0
2914;1;0;0
2915;1;0;0
2916;0;0;0
2917;1;0;0
2918;1;0;0
2919;1;1;0.375
2920;1;1;0.25
2921;1;0;0
2922;1;1;0.608696
2923;1;1;0.428571
2924;1;0;0
2925;1;1;0.454545
2926;0;0;0
2927;1;0;0
2928;1;1;0.346154
2929;0;0;0
2930;1;1;0.5
2931;1;0;0
2932;1;1;0.266667
2933;0;1;0.05
2934;1;0;0
2935;0;0;0
2936;1;0;0
2937;1;1;0.272727
2938;1;1;0.257143
2939;1;1;0.294118
2940;0;1;0.0714286
2941;1;1;0.137931
2942;1;1;0.325
2943;1;0;0
2944;1;0;0
2945;1;1;0.384615
2946;1;1;0.275862
2947;1;1;0.0384615
2948;1;1;0.175
2949;0;1;0.26087
2950;1;0;0
2951;1;0;0
2952;1;0;0
2953;0;0;0
2954;1;0;0
2955;1;0;0
2956;1;1;0.516129
2957;1;1;0.6
2958;0;0;0
2959;1;1;0.444444
2960;1;0;0
2961;1;1;0.0606061
2962;1;1;0.571429
2963;1;1;0.0833333
2964;1;1;0.2
2965;1;0;0
2966;1;0;0
2967;1;0;0
2968;1;0;0
2969;1;1;0.351351
2970;1;1;0.565217
2971;0;1;0.481481
2972;0;0;0
2973;0;1;0.133333
2974;1;0;0
2975;1;1;0.142857
2976;0;0;0
2977;0;1;0.0909091
2978;0;1;0.185185
2979;1;0;0
2980;0;0;0
2981;1;1;0.466667
2982;1;1;0.714286
2983;0;0;0
2984;1;1;0.0952381
2985;1;1;0.363636
2986;1;1;0.259259
2987;1;1;0.454545
2988;1;1;0.258065
2989;1;0;0
2990;1;1;0.15625
2991;0;1;0.290323
2992;1;0;0
2993;0;0;0
2994;1;1;0.428571
2995;1;1;0.266667
2996;1;1;0.62069
2997;1;1;0.225806
2998;0;1;0.263158
2999;0;0;0
3000;1;1;0.28125
3001;1;1;0.65
3002;1;1;0.214286
3003;0;1;0.2
3004;1;0;0
3005;1;0;0
3006;1;1;0.181818
3007;0;0;0
3008;1;1;0.0952381
3009;0;1;0.214286
3010;1;0;0
3011;1;0;0
3012;1;0;0
3013;1;1;0.142857
3014;1;1;0.0714286
3015;1;0;0
3016;1;1;0.419355
3017;1;0;0
3018;1;1;0.166667
3019;1;0;0
3020;0;1;0.130435
3021;1;1;0.304348
3022;1;0;0
3023;1;1;0.261905
3024;1;1;0.21875
3025;1;1;0.266667
3026;1;0;0
3027;0;0;0
3028;1;1;0.0454545
3029;1;1;0.242424
3030;1;0;0
3031;1;1;0.181818
3032;0;0;0
3033;1;0;0
3034;0;0;0
3035;1;1;0.21875
3036;1;1;0.269231
3037;1;0;0
3038;1;1;0.347826
3039;0;1;0.166667
3040;1;1;0.194444
3041;1;1;0.0588235
3042;1;0;0
3043;1;1;0.136364
3044;1;1;0.583333
3045;0;0;0
3046;1;1;0.608696
3047;1;0;0
3048;1;1;0.454545
3049;0;0;0
3050;1;0;0
3051;1;0;0
3052;1;1;0.571429
3053;0;1;0.0526316
3054;1;0;0
3055;0;1;0.25
3056;1;1;0.727273
3057;1;1;0.166667
3058;1;1;0.32
3059;1;1;0.130435
3060;1;1;0.108108
3061;1;1;0.142857
3062;1;0;0
3063;1;0;0
3064;1;1;0.351351
3065;0;1;0.214286
3066;0;0;0
3067;1;1;0.486486
3068;1;1;0.541667
3069;1;0;0
3070;1;1;0.434783
3071;1;1;0.235294
3072;0;0;0
3073;1;0;0
3074;1;0;0
3075;0;1;0.0967742
3076;0;0;0
3077;0;0;0
3078;0;1;0.37037
3079;1;1;0.419355
3080;1;1;0.241379
3081;1;0;0
3082;1;1;0.454545
3083;1;1;0.222222
3084;1;1;0.388889
3085;1;1;0.269231
3086;1;0;0
3087;1;1;0.0344828
3088;0;0;0
3089;1;0;0
3090;1;1;0.102041
3091;1;0;0
3092;0;1;0.05
3093;1;1;0.315789
3094;1;0;0
3095;1;0;0
3096;1;0;0
3097;1;1;0.1
3098;1;0;0
3099;0;0;0
3100;0;1;0.27027
3101;0;0;0
3102;0;0;0
3103;0;1;0.166667
3104;1;0;0
3105;1;1;0.192308
3106;1;0;0
3107;1;0;0
3108;0;1;0.08
3109;1;1;0.1
3110;0;0;0
3111;1;1;0.0625
3112;1;1;0.0555556
3113;1;1;0.44
3114;1;1;0.2
3115;1;1;0.575758
3116;0;1;0.0769231
3117;0;1;0.0869565
3118;1;1;0.310345
3119;0;0;0
3120;1;1;0.37037
3121;1;1;0.205128
3122;1;1;0.16
3123;1;1;0.578947
3124;0;1;0.3
3125;1;1;0.28125
3126;0;0;0
3127;1;0;0
3128;1;0;0
3129;1;0;0
3130;1;0;0
3131;1;0;0
3132;1;0;0
3133;1;0;0
3134;1;1;0.289474
3135;1;0;0
3136;1;1;0.53125
3137;1;1;0.482759
3138;1;1;0.307692
3139;0;0;0
3140;1;1;0.235294
3141;0;1;0.105263
3142;0;1;0.233333
3143;0;1;0.137931
3144;1;1;0.461538
3145;0;1;0.133333
3146;0;0;0
3147;1;1;0.05
3148;1;0;0
3149;1;0;0
3150;0;1;0.166667
3151;0;0;0
3152;0;0;0
3153;1;0;0
3154;1;1;0.5
3155;1;1;0.0731707
3156;1;1;0.0526316
3157;1;1;0.352941
3158;0;1;0.387097
3159;0;0;0
3160;1;1;0.464286
3161;1;0;0
3162;0;1;0.184211
3163;1;0;0
3164;1;0;0
3165;1;1;0.4
3166;0;0;0
3167;1;1;0.111111
3168;0;1;0.205882
3169;1;1;0.615385
3170;1;1;0.142857
3171;0;1;0.117647
3172;1;0;0
3173;1;1;0.0967742
3174;0;1;0.0526316
3175;1;1;0.263158
3176;0;1;0.325
3177;1;1;0.428571
3178;1;0;0
3179;0;0;0
3180;0;1;0.25
3181;1;1;0.0666667
3182;1;0;0
3183;1;0;0
3184;0;0;0
3185;1;1;0.333333
3186;1;1;0.0689655
3187;1;0;0
3188;1;1;0.151515
3189;0;0;0
3190;1;1;0.242424
3191;1;1;0.125
3192;1;0;0
3193;1;1;0.588235
3194;1;1;0.485714
3195;1;1;0.333333
3196;0;0;0
3197;1;0;0
3198;1;1;0.28
3199;1;1;0.4
3200;1;1;0.2
3201;1;1;0.195122
3202;1;0;0
3203;1;0;0
3204;1;0;0
3205;1;0;0
3206;1;1;0.4
3207;0;0;0
3208;1;1;0.615385
3209;1;0;0
3210;0;0;0
3211;0;0;0
3212;1;1;0.333333
3213;0;1;0.541667
3214;1;1;0.047619
3215;1;1;0.0588235
3216;1;1;0.5
3217;0;1;0.25
3218;1;1;0.448276
3219;0;1;0.264706
3220;0;1;0.233333
3221;1;1;0.148148
3222;0;1;0.277778
3223;0;0;0
3224;1;1;0.294118
3225;0;1;0.478261
3226;1;1;0.25641
3227;1;1;0.548387
3228;1;1;0.0882353
3229;1;0;0
3230;1;0;0
3231;1;1;0.444444
3232;1;0;0
3233;0;0;0
3234;1;1;0.0526316
3235;1;1;0.678571
3236;1;0;0
3237;0;0;0
3238;0;0;0
3239;0;1;0.131579
3240;0;1;0.173913
3241;0;0;0
3242;1;0;0
3243;1;0;0
3244;1;0;0
3245;1;1;0.217391
3246;1;1;0.166667
3247;0;1;0.482759
3248;1;1;0.583333
3249;1;1;0.461538
3250;1;0;0
3251;1;1;0.625
3252;0;1;0.05
3253;1;1;0.25
3254;0;1;0.214286
3255;0;0;0
3256;0;0;0
3257;1;0;0
3258;1;1;0.107143
3259;0;1;0.113636
3260;0;1;0.318182
3261;0;1;0.0434783
3262;1;0;0
3263;0;1;0.133333
3264;0;1;0.291667
3265;1;0;0
3266;0;1;0.0384615
3267;1;1;0.483871
3268;1;1;0.0952381
3269;1;1;0.2
3270;0;1;0.184211
3271;0;1;0.482759
3272;0;0;0
3273;1;0;0
3274;1;1;0.516129
3275;1;1;0.0526316
3276;1;0;0
3277;1;1;0.125
3278;0;0;0
3279;0;1;0.333333
3280;1;0;0
3281;1;0;0
3282;0;0;0
3283;1;1;0.517241
3284;1;1;0.37037
3285;0;1;0.103448
3286;1;1;0.333333
3287;1;1;0.037037
3288;1;1;0.0769231
3289;1;0;0
3290;1;1;0.4
3291;1;1;0.4
3292;0;1;0.219512
3293;1;0;0
3294;1;0;0
3295;1;1;0.413793
3296;0;0;0
3297;0;1;0.0555556
3298;1;1;0.375
3299;0;0;0
3300;1;0;0
3301;0;0;0
3302;1;0;0
3303;0;0;0
3304;1;0;0
3305;0;1;0.44
3306;1;0;0
3307;1;1;0.655172
3308;1;1;0.105263
3309;1;1;0.53125
3310;1;1;0.3
3311;1;1;0.5625
3312;1;0;0
3313;0;1;0.243243
3314;1;1;0.470588
3315;0;1;0.0869565
3316;1;1;0.1875
3317;1;1;0.433333
3318;1;0;0
3319;1;1;0.588235
3320;1;1;0.272727
3321;0;1;0.111111
3322;0;0;0
3323;1;1;0.290323
3324;1;1;0.566667
3325;1;1;0.310345
3326;1;0;0
3327;0;1;0.0714286
3328;1;0;0
3329;1;0;0
3330;1;1;0.212121
3331;1;0;0
3332;0;1;0.25
3333;1;0;0
3334;0;1;0.36
3335;1;0;0
3336;0;1;0.16
3337;1;0;0
3338;1;1;0.214286
3339;0;1;0.32
3340;0;0;0
3341;1;1;0.333333
3342;1;0;0
3343;1;1;0.304348
3344;1;1;0.322581
3345;1;1;0.464286
3346;1;1;0.185185
3347;1;0;0
3348;1;1;0.0909091
3349;1;1;0.416667
3350;1;1;0.222222
3351;1;1;0.375
3352;1;0;0
3353;0;1;0.25
3354;1;1;0.235294
3355;0;1;0.535714
3356;0;0;0
3357;0;0;0
3358;1;0;0
3359;1;1;0.6
3360;1;0;0
3361;1;1;0.571429
3362;1;0;0
3363;1;1;0.166667
3364;1;0;0
3365;1;0;0
3366;1;1;0.333333
3367;1;1;0.133333
3368;1;1;0.655172
3369;0;1;0.0967742
3370;1;0;0
3371;0;1;0.290323
3372;1;1;0.27027
3373;1;1;0.0555556
3374;1;0;0
3375;1;1;0.433333
3376;1;0;0
3377;1;1;0.30303
3378;1;0;0
3379;1;0;0
3380;1;0;0
3381;1;1;0.194444
3382;1;1;0.181818
3383;1;0;0
3384;1;0;0
3385;0;1;0.25
3386;0;1;0.0625
3387;0;0;0
3388;1;1;0.419355
3389;0;0;0
3390;1;1;0.384615
3391;1;0;0
3392;0;0;0
3393;1;1;0.147059
3394;0;1;0.111111
3395;1;1;0.214286
3396;1;0;0
3397;1;1;0.241379
3398;1;1;0.307692
3399;1;1;0.25
3400;0;0;0
3401;1;1;0.321429
3402;0;1;0.375
3403;0;0;0
3404;0;1;0.318182
3405;1;1;0.30303
3406;1;1;0.314286
3407;1;1;0.172414
3408;1;1;0.05
3409;0;0;0
3410;0;1;0.482759
3411;0;0;0
3412;1;1;0.545455
3413;1;1;0.633333
3414;1;0;0
3415;1;1;0.0526316
3416;1;1;0.473684
3417;0;0;0
3418;1;0;0
3419;1;1;0.16
3420;0;1;0.294118
3421;1;0;0
3422;1;0;0
3423;1;0;0
3424;0;1;0.0769231
3425;1;1;0.133333
3426;0;1;0.243243
3427;1;1;0.322581
3428;1;1;0.217391
3429;1;0;0
3430;1;0;0
3431;1;1;0.257143
3432;0;1;0.173913
3433;1;0;0
3434;0;1;0.269231
3435;0;0;0
3436;0;1;0.727273
3437;1;1;0.375
3438;1;1;0.235294
3439;1;1;0.36
3440;1;1;0.576923
3441;1;0;0
3442;1;1;0.655172
3443;0;1;0.277778
3444;1;1;0.1875
3445;0;1;0.470588
3446;0;1;0.05
3447;0;1;0.227273
3448;1;1;0.0416667
3449;1;0;0
3450;1;1;0.307692
3451;1;1;0.0555556
3452;1;1;0.30303
3453;1;0;0
3454;1;0;0
3455;1;0;0
3456;1;0;0
3457;1;0;0
3458;1;1;0.565217
3459;1;1;0.45
3460;0;1;0.285714
3461;1;0;0
3462;1;1;0.6
3463;1;1;0.266667
3464;0;0;0
3465;1;1;0.268293
3466;1;0;0
3467;1;1;0.178571
3468;0;1;0.111111
3469;1;0;0
3470;0;0;0
3471;1;1;0.366667
3472;1;0;0
3473;0;0;0
3474;1;1;0.3
3475;0;1;0.333333
3476;1;1;0.0909091
3477;0;1;0.12
3478;1;1;0.0384615
3479;0;1;0.428571
3480;1;1;0.75
3481;0;0;0
3482;1;0;0
3483;1;0;0
3484;1;1;0.2
3485;1;1;0.111111
3486;0;0;0
3487;1;1;0.12
3488;0;1;0.142857
3489;1;1;0.222222
3490;1;0;0
3491;1;0;0
3492;1;1;0.115385
3493;1;0;0
3494;1;1;0.625
3495;1;0;0
3496;1;1;0.565217
3497;1;1;0.1
3498;1;1;0.484848
3499;0;1;0.433333
3500;0;1;0.190476
3501;1;0;0
3502;0;1;0.354839
3503;1;1;0.206897
3504;1;1;0.59375
3505;1;0;0
3506;1;1;0.290323
3507;1;0;0
3508;0;1;0.190476
3509;1;0;0
3510;1;0;0
3511;1;0;0
3512;1;1;0.307692
3513;0;1;0.185185
3514;1;1;0.409091
3515;1;1;0.136364
3516;1;1;0.458333
3517;1;1;0.138889
3518;0;1;0.3125
3519;0;0;0
3520;1;1;0.263158
3521;1;1;0.162162
3522;1;1;0.133333
3523;1;0;0
3524;1;0;0
3525;1;1;0.0571429
3526;0;0;0
3527;0;1;0.307692
3528;1;0;0
3529;0;0;0
3530;1;0;0
3531;0;0;0
3532;0;0;0
3533;0;0;0
3534;1;1;0.421053
3535;1;1;0.272727
3536;0;1;0.137931
3537;1;1;0.25
3538;1;1;0.371429
3539;0;1;0.0384615
3540;1;1;0.26087
3541;1;1;0.611111
3542;0;1;0.125
3543;1;1;0.2
3544;1;1;0.545455
3545;0;1;0.45
3546;1;0;0
3547;1;0;0
3548;0;1;0.125
3549;1;1;0.297297
3550;0;0;0
3551;1;1;0.413793
3552;1;0;0
3553;0;1;0.272727
3554;1;1;0.133333
3555;1;0;0
3556;1;1;0.0384615
3557;1;0;0
3558;0;1;0.137931
3559;1;0;0
3560;0;1;0.192308
3561;1;0;0
3562;1;0;0
3563;0;0;0
3564;1;1;0.113636
3565;1;1;0.277778
3566;0;1;0.384615
3567;1;1;0.133333
3568;0;1;0.217391
3569;1;1;0.419355
3570;1;1;0.047619
3571;1;0;0
3572;1;1;0.37931
3573;0;1;0.12
3574;1;1;0.172414
3575;0;1;0.128205
3576;1;0;0
3577;1;0;0
3578;0;0;0
3579;1;0;0
3580;1;0;0
3581;0;1;0.178571
3582;1;1;0.125
3583;0;0;0
3584;1;1;0.0909091
3585;0;1;0.129032
3586;1;1;0.294118
3587;1;0;0
3588;1;0;0
3589;1;0;0
3590;1;0;0
3591;0;1;0.32
3592;0;0;0
3593;1;0;0
3594;1;0;0
3595;1;0;0
3596;0;0;0
3597;1;1;0.588235
3598;1;0;0
3599;1;1;0.111111
3600;1;0;0
3601;0;1;0.190476
3602;1;1;1
3603;1;1;0.807692
3604;0;1;0.176471
3605;0;1;0.458333
3606;0;0;0
3607;1;1;0.0869565
3608;1;0;0
3609;1;0;0
3610;0;1;0.125
3611;1;1;0.285714
3612;1;1;0.1
3613;1;1;0.28125
3614;1;0;0
3615;1;0;0
3616;0;1;0.714286
3617;0;1;0.0588235
3618;1;0;0
3619;1;1;0.142857
3620;0;0;0
3621;1;1;0.0357143
3622;1;0;0
3623;1;0;0
3624;1;1;0.25
3625;1;0;0
3626;0;1;0.264706
3627;0;1;0.136364
3628;1;0;0
3629;0;0;0
3630;0;0;0
3631;1;0;0
3632;1;0;0
3633;0;1;0.05
3634;0;1;0.133333
3635;1;0;0
3636;0;0;0
3637;1;1;0.592593
3638;1;1;0.333333
3639;1;1;0.0967742
3640;1;1;0.515152
3641;0;1;0.05
3642;0;1;0.142857
3643;1;1;0.692308
3644;0;1;0.16129
3645;1;1;0.307692
3646;1;1;0.4
3647;1;1;0.0909091
3648;1;1;0.357143
3649;1;1;0.533333
3650;1;1;0.291667
3651;1;0;0
3652;1;1;0.0277778
3653;1;0;0
3654;1;0;0
3655;0;1;0.0384615
3656;1;1;0.25
3657;1;0;0
3658;1;1;0.357143
3659;1;1;0.285714
3660;1;1;0.0833333
3661;0;1;0.233333
3662;1;1;0.482759
3663;0;0;0
3664;0;1;0.175
3665;1;1;0.5
3666;1;1;0.217391
3667;0;1;0.2
3668;1;1;0.394737
3669;1;1;0.4
3670;1;1;0.384615
3671;1;1;0.625
3672;0;0;0
3673;1;1;0.4375
3674;1;1;0.238095
3675;1;1;0.181818
3676;1;1;0.0909091
3677;0;1;0.173913
3678;1;0;0
3679;0;1;0.129032
3680;0;0;0
3681;1;1;0.238095
3682;0;1;0.346154
3683;1;0;0
3684;0;1;0.12
3685;1;1;0.08
3686;1;1;0.263158
3687;0;1;0.16129
3688;1;0;0
3689;1;1;0.7
3690;1;0;0
3691;1;0;0
3692;1;1;0.466667
3693;1;0;0
3694;1;1;0.222222
3695;1;1;0.0833333
3696;1;0;0
3697;1;0;0
3698;1;1;0.181818
3699;1;0;0
3700;1;0;0
3701;1;0;0
3702;1;1;0.290323
3703;0;1;0.157895
3704;1;1;0.307692
3705;1;1;0.5
3706;0;1;0.0645161
3707;0;1;0.375
3708;1;0;0
3709;1;0;0
3710;1;1;0.0454545
3711;0;0;0
3712;1;1;0.181818
3713;1;1;0.259259
3714;1;0;0
3715;1;1;0.178571
3716;1;0;0
3717;1;1;0.119048
3718;1;1;0.35
3719;1;1;0.185185
3720;1;0;0
3721;0;0;0
3722;1;1;0.178571
3723;0;1;0.30303
3724;1;1;0.375
3725;0;1;0.153846
3726;0;0;0
3727;1;0;0
3728;1;1;0.216216
3729;0;1;0.148148
3730;0;1;0.238095
3731;1;0;0
3732;1;1;0.113636
3733;0;0;0
3734;1;1;0.351351
3735;0;1;0.0416667
3736;0;1;0.357143
3737;1;0;0
3738;1;1;0.16
3739;1;1;0.136364
3740;1;1;0.233333
3741;0;1;0.162162
3742;1;1;0.25
3743;0;1;0.0555556
3744;1;1;0.2
3745;0;1;0.458333
3746;0;1;0.172414
3747;0;1;0.291667
3748;1;1;0.695652
3749;1;1;0.357143
3750;1;0;0
3751;0;0;0
3752;1;1;0.347826
3753;1;0;0
3754;1;1;0.52
3755;0;1;0.190476
3756;0;1;0.190476
3757;1;1;0.4375
3758;0;1;0.133333
3759;0;1;0.05
3760;0;1;0.210526
3761;1;1;0.416667
3762;1;1;0.310345
3763;1;1;0.5
3764;1;1;0.56
3765;1;1;0.62963
3766;1;0;0
3767;1;1;0.3
3768;1;1;0.68
3769;0;1;0.258065
3770;1;0;0
3771;1;0;0
3772;1;0;0
3773;0;1;0.428571
3774;1;1;0.3
3775;1;1;0.16
3776;0;0;0
3777;1;0;0
3778;1;0;0
3779;1;1;0.428571
3780;0;0;0
3781;1;1;0.535714
3782;1;1;0.15625
3783;1;1;0.4
3784;0;1;0.0588235
3785;1;1;0.219512
3786;1;1;0.133333
3787;1;0;0
3788;1;1;0.304348
3789;1;0;0
3790;1;1;0.571429
3791;1;0;0
3792;0;1;0.166667
3793;1;0;0
3794;1;0;0
3795;0;1;0.037037
3796;0;1;0.222222
3797;1;1;0.148148
3798;0;0;0
3799;1;0;0
3800;0;1;0.275
3801;1;1;0.25
3802;0;1;0.130435
3803;0;0;0
3804;1;1;0.136364
3805;1;0;0
3806;1;0;0
3807;1;1;0.0357143
3808;1;1;0.125
3809;1;1;0.375
3810;1;1;0.8
3811;0;0;0
3812;1;0;0
3813;1;0;0
3814;1;0;0
3815;1;1;0.0625
3816;1;0;0
3817;0;0;0
3818;0;1;0.230769
3819;0;0;0
3820;0;1;0.130435
3821;1;1;0.142857
3822;1;1;0.428571
3823;1;1;0.15
3824;0;1;0.263158
3825;1;1;0.34375
3826;1;0;0
3827;0;1;0.5
3828;1;1;0.190476
3829;1;1;0.371429
3830;1;1;0.0909091
3831;1;0;0
3832;1;1;0.1
3833;1;1;0.0754717
3834;1;1;0.184211
3835;1;1;0.272727
3836;0;0;0
3837;1;1;0.357143
3838;0;0;0
3839;1;1;0.133333
3840;1;1;0.354839
3841;1;0;0
3842;1;0;0
3843;1;0;0
3844;1;0;0
3845;1;1;0.266667
3846;1;1;0.0232558
3847;0;1;0.0909091
3848;1;1;0.137931
3849;1;1;0.153846
3850;1;0;0
3851;1;1;0.0625
3852;1;0;0
3853;1;1;0.166667
3854;1;1;0.4
3855;1;0;0
3856;0;0;0
3857;1;0;0
3858;1;1;0.310345
3859;1;1;0.04
3860;1;1;0.185185
3861;1;1;0.153846
3862;1;1;0.0869565
3863;1;0;0
3864;0;1;0.103448
3865;1;0;0
3866;0;1;0.466667
3867;1;1;0.6
3868;0;1;0.208333
3869;1;1;0.05
3870;1;1;0.172414
3871;0;0;0
3872;0;0;0
3873;1;0;0
3874;1;1;0.304348
3875;1;1;0.294118
3876;0;0;0
3877;1;0;0
3878;1;0;0
3879;1;0;0
3880;1;1;0.310345
3881;1;1;0.263158
3882;0;1;0.24
3883;0;1;0.148148
3884;1;1;0.2
3885;1;1;0.28
3886;0;0;0
3887;1;1;0.242424
3888;1;1;0.515152
3889;0;1;0.16
3890;1;1;0.272727
3891;1;1;0.458333
3892;0;0;0
3893;1;0;0
3894;1;1;0.409091
3895;1;1;0.354839
3896;1;0;0
3897;0;1;0.153846
3898;0;1;0.551724
3899;0;1;0.133333
3900;1;1;0.185185
3901;1;0;0
3902;1;0;0
3903;1;1;0.148148
3904;1;1;0.194444
3905;1;0;0
3906;1;0;0
3907;1;0;0
3908;0;1;0.235294
3909;0;1;0.25
3910;0;1;0.269231
3911;1;1;0.548387
3912;1;1;0.136364
3913;0;1;0.272727
3914;1;1;0.2
3915;0;1;0.1
3916;1;0;0
3917;0;1;0.5
3918;1;1;0.321429
3919;1;1;0.416667
3920;1;0;0
3921;0;1;0.423077
3922;0;0;0
3923;1;1;0.0689655
3924;1;1;0.529412
3925;0;0;0
3926;0;1;0.0769231
3927;1;0;0
3928;0;1;0.115385
3929;1;1;0.264706
3930;1;0;0
3931;1;1;0.0625
3932;1;1;0.344828
3933;1;1;0.454545
3934;0;0;0
3935;1;0;0
3936;1;0;0
3937;0;0;0
3938;1;0;0
3939;0;1;0.25
3940;1;1;0.428571
3941;1;0;0
3942;1;1;0.538462
3943;1;0;0
3944;1;1;0.285714
3945;1;0;0
3946;1;0;0
3947;0;1;0.366667
3948;1;1;0.333333
3949;0;1;0.321429
3950;0;1;0.25
3951;1;0;0
3952;1;1;0.195122
3953;1;0;0
3954;0;1;0.12
3955;1;1;0.142857
3956;1;1;0.304348
3957;0;0;0
3958;1;1;0.448276
3959;0;1;0.259259
3960;0;1;0.111111
3961;1;0;0
3962;1;1;0.484848
3963;1;0;0
3964;0;0;0
3965;0;1;0.0882353
3966;1;0;0
3967;0;1;0.0526316
3968;0;0;0
3969;1;1;0.4
3970;1;0;0
3971;1;0;0
3972;1;0;0
3973;1;0;0
3974;1;0;0
3975;0;1;0.28125
3976;1;0;0
3977;0;1;0.1
3978;0;1;0.125
3979;0;0;0
3980;0;1;0.2
3981;1;1;0.8
3982;1;1;0.166667
3983;0;1;0.259259
3984;1;1;0.52
3985;1;1;0.1
3986;1;0;0
3987;0;1;0.037037
3988;0;1;0.333333
3989;1;1;0.181818
3990;1;0;0
3991;1;1;0.317073
3992;1;1;0.441176
3993;0;1;0.333333
3994;0;1;0.433333
3995;0;1;0.136364
3996;1;1;0.71875
3997;1;0;0
3998;1;1;0.354839
3999;0;1;0.105263
4000;0;1;0.259259
4001;1;1;0.233333
4002;1;0;0
4003;0;1;0.103448
4004;1;0;0
4005;1;1;0.6
4006;1;0;0
4007;1;1;0.314286
4008;1;1;0.4
4009;1;1;0.368421
4010;1;1;0.212121
4011;0;1;0.333333
4012;0;1;0.333333
4013;1;1;0.46875
4014;0;0;0
4015;1;1;0.382353
4016;1;0;0
4017;1;0;0
4018;1;0;0
4019;1;0;0
4020;1;1;0.405405
4021;1;0;0
4022;1;0;0
4023;1;0;0
4024;0;0;0
4025;1;1;0.05
4026;1;1;0.433333
4027;1;1;0.0833333
4028;0;1;0.0526316
4029;1;0;0
4030;0;1;0.0952381
4031;1;1;0.0344828
4032;1;1;0.580645
4033;0;1;0.518519
4034;1;1;0.230769
4035;1;0;0
4036;1;1;0.2
4037;0;0;0
4038;0;0;0
4039;1;1;0.192308
4040;1;1;0.444444
4041;1;1;0.56
4042;0;1;0.105263
4043;1;1;0.515152
4044;1;0;0
4045;1;1;0.484848
4046;1;0;0
4047;1;1;0.153846
4048;1;1;0.578947
4049;0;0;0
4050;0;1;0.0333333
4051;1;0;0
4052;1;1;0.4
4053;1;1;0.458333
4054;1;1;0.2
4055;1;0;0
4056;1;0;0
4057;1;0;0
4058;1;1;0.5
4059;0;1;0.368421
4060;0;1;0.125
4061;0;1;0.190476
4062;1;1;0.0606061
4063;1;1;0.636364
4064;1;0;0
4065;1;1;0.5
4066;1;1;0.225806
4067;1;1;0.371429
4068;1;0;0
4069;1;0;0
4070;1;0;0
4071;1;1;0.242424
4072;1;1;0.304348
4073;0;1;0.2
4074;1;0;0
4075;1;0;0
4076;0;1;0.291667
